objectid,GlobalID,AdminState,Plot ID,Plot Key,ProjectName,Office,Crew Number,Date,DateFormat,Observer,Recorder,Person checking values,Person recording values,Comments,Plot Layout,PlotLayoutNotes,Plot Shape,Plot Area,Plot Radius,Plot Length,Plot Width,Are Plant Species Present?,Search Time,All Unknown Codes used,All Species in the form,CreationDate,Creator,EditDate,Editor,AllSpeciesCheck,x,y
1,ca5b792b-5973-44ed-9549-39d4c8f07ff9,ID,SD-2022-226,ID_OFO_LUP_2022_SD-2022-226_V2,ID_OFO_LUP_2022,IDB03,11,4/24/2024 18:00,2024-04-24,Jordan Rodriguez,Jordan Rodriguez,,,,Spoke,,circle,2827.43,30,,,Yes,22,,"BRTE, ERCI6, GRSP, DESO2, SATR12, POSE, ERNA10, CHVI8, AMTE3, BASA3, ARTRW8, ATCO, EROV, PHLO2, SPMU2, TRDU, ASPU9, CHTE2, CETE5",04/29/2024 17:30:13.207,jordantylerrodriguez,05/30/2024 19:21:19.958,nredecker2,"BRTE, ERCI6, GRSP, DESO2, SATR12, POSE, ERNA10, CHVI8, AMTE3, BASA3, ARTRW8, ATCO, EROV, PHLO2, SPMU2, TRDU, ASPU9, CHTE2, CETE5",-116.5090257,43.06532678
2,36124395-e89b-48cd-8157-c8a2fecc1321,ID,SD-2022-NR-006,ID_OFO_LUP_2022_SD-2022-NR-006_V1,ID_OFO_LUP_2022,IDB03,11,4/25/2024 18:00,2024-04-25,Jordan Rodriguez,Jordan Rodriguez,,,,Spoke,,circle,2827.43,30,,,Yes,24,"AF11001, AF11002, PF11002, PF11001, AG11001","BRTE, CHVI8, ERNA10, HECO26, GRSP, LAGL5, MACA2, AMTE3, DESO2, AFXXXX, AFXXXX, CRCI2, PFXXXX, PIDE4, TESP2, ATCA2, SAVE4, ARTRW8, BASA3, PFXXXX, ERCI6, OEPA, AGXXXX, MEAL6, PHLO2, CRPT",04/29/2024 17:30:15.195,jordantylerrodriguez,05/30/2024 19:21:21.122,nredecker2,"BRTE, CHVI8, ERNA10, HECO26, GRSP, LAGL5, MACA2, AMTE3, DESO2, AFXXXX, AFXXXX, CRCI2, PFXXXX, PIDE4, TESP2, ATCA2, SAVE4, ARTRW8, BASA3, PFXXXX, ERCI6, OEPA, AGXXXX, MEAL6, PHLO2, CRPT",-116.4179171,43.06153826
3,5ac820aa-0d48-4473-8472-3902dbfb0691,ID,SD-2022-228,ID_OFO_LUP_2022_SD-2022-228_V1,ID_OFO_LUP_2022,IDB03,11,4/26/2024 18:00,2024-04-26,Jordan Rodriguez,Jordan Rodriguez,,,,Spoke,,circle,2827.43,30,,,Yes,23,"PF11003, PF11005, PF11006, AF11003, PF11004, AF11004","BRTE, PIDE4, ATCO, DEPIN, PHHO, CHVI8, PFXXXX, TEGL, EROV, GIIN2, AMTE3, PFXXXX, ALNE, POSE, GRSP, ACHY, PFXXXX, AFXXXX, PFXXXX, ASPU9, CHDO, ERCI6, MEAL6, AFXXXX, SADO4, CRHU2, ELEL5, CETE5",04/29/2024 17:30:16.988,jordantylerrodriguez,05/30/2024 19:21:22.128,nredecker2,"BRTE, PIDE4, ATCO, DEPIN, PHHO, CHVI8, PFXXXX, TEGL, EROV, GIIN2, AMTE3, PFXXXX, ALNE, POSE, GRSP, ACHY, PFXXXX, AFXXXX, PFXXXX, ASPU9, CHDO, ERCI6, MEAL6, AFXXXX, SADO4, CRHU2, ELEL5, CETE5",-116.3892427,42.96776945
4,e1b0e212-0a1f-4678-9ec6-3bbf2746df0d,ID,LowWD-2022-NR-005,ID_OFO_LUP_2022_LowWD-2022-NR-005_V1,ID_OFO_LUP_2022,IDB03,11,4/26/2024 18:00,2024-04-26,Jordan Rodriguez,Jordan Rodriguez,,,,Spoke,,circle,2827.43,30,,,Yes,22,PF11007,"AGCR, BRTE, POSE, FEID, PHLO2, CETE5, DRVE2, ACMI2, COPA3, EROV, LIGL2, PSSP6, LOTR2, PHHO, LECI4, ARTRW8, ERUM, SIAL2, ELEL5, DEPI, CHVI8, ARHO2, CAMI2, MYST2, STAC, PFXXXX, PFXXXX, PFXXXX, PFXXXX, AFXXXX, TRDU, PFXXXX, SHXXXX, ARARA",04/29/2024 17:30:18.810,jordantylerrodriguez,05/30/2024 19:21:23.784,nredecker2,"AGCR, BRTE, POSE, FEID, PHLO2, CETE5, DRVE2, ACMI2, COPA3, EROV, LIGL2, PSSP6, LOTR2, PHHO, LECI4, ARTRW8, ERUM, SIAL2, ELEL5, DEPI, CHVI8, ARHO2, CAMI2, MYST2, STAC, PFXXXX, PFXXXX, PFXXXX, PFXXXX, AFXXXX, TRDU, PFXXXX, SHXXXX, ARARA",-116.9559484,43.33516162
6,511e4f6e-c770-49a6-809d-9c378c8bb26f,ID,BigWD-2022-078,ID_OFO_LUP_2022_BigWD-2022-078_V2,ID_OFO_LUP_2022,IDB03,11,4/27/2024 18:00,2024-04-27,Jordan Rodriguez,Jordan Rodriguez,,,,Spoke,,circle,2827.43,30,,,Yes,25,"PF11013, PF11014, PF11016, PF11015, PF11017, AF11006","PSSP6, POSE, BRTE, NOTR2, PFXXXX, DEPI, PHHO, PFXXXX, PFXXXX, ASPU9, STAC, LIGL2, DRVE2, ZIVE, CETE5, COPA3, PHAC2, ALNE, ERCH4, HOUM, FEID, PFXXXX, PLMA4, MIGR, PHLI, PFXXXX, AFXXXX",04/29/2024 17:30:24.313,jordantylerrodriguez,05/30/2024 19:21:26.118,nredecker2,"PSSP6, POSE, BRTE, NOTR2, PFXXXX, DEPI, PHHO, PFXXXX, PFXXXX, ASPU9, STAC, LIGL2, DRVE2, ZIVE, CETE5, COPA3, PHAC2, ALNE, ERCH4, HOUM, FEID, PFXXXX, PLMA4, MIGR, PHLI, PFXXXX, AFXXXX",-116.7434685,43.32865588
7,36e6c2b9-637b-4509-8249-90b5f1f66f3b,ID,BigWD-2022-082,ID_OFO_LUP_2022_BigWD-2022-082_V1,ID_OFO_LUP_2022,IDB03,11,4/28/2024 18:00,2024-04-28,Jordan Rodriguez,Jordan Rodriguez,,,,Spoke,,circle,2827.43,30,,,Yes,23,"PF11019, PF11021, PF11018, PF11022, PF11020","ARTRW8, TEGL, DEPI, POSE, BRTE, PIDE4, ATCO, PFXXXX, SPGR2, HAGL, PFXXXX, GRSP, KRLA2, PFXXXX, AMTE3, PHAC2, CETE5, GUSA2, ERCI6, PFXXXX, PLMA4, HOUM, BASA3, PFXXXX, EROV, COUM, CHTE2, ALNE, MEAL6, ERTR13, TESP2, POBU, PSSP6, SIAL2, ERMI4, AFXXXX",04/29/2024 17:30:26.136,jordantylerrodriguez,05/30/2024 19:21:27.356,nredecker2,"ARTRW8, TEGL, DEPI, POSE, BRTE, PIDE4, ATCO, PFXXXX, SPGR2, HAGL, PFXXXX, GRSP, KRLA2, PFXXXX, AMTE3, PHAC2, CETE5, GUSA2, ERCI6, PFXXXX, PLMA4, HOUM, BASA3, PFXXXX, EROV, COUM, CHTE2, ALNE, MEAL6, ERTR13, TESP2, POBU, PSSP6, SIAL2, ERMI4, AFXXXX",-116.6613721,43.28999617
8,805b64ac-e981-45eb-b606-927ba17ae19b,ID,SD-292,ID_BFO_LUP_2022_SD-292_V1,ID_BFO_LUP_2022,IDB02,13,4/24/2024 18:00,2024-04-24,Richelle Yunger,Richelle Yunger,Richelle Yunger,Richelle Yunger,,Spoke,,circle,2827.43,30,,,Yes,15,AG13001,"BRTE, ARTRW8, SATR12, POSE, CETE5, ATCO, SIAL2, GRSP, CHTE2, PIDE4, SAVE4, AGXXXX, DEPI",04/30/2024 15:45:43.630,richelle.yunger,05/30/2024 19:21:28.706,nredecker2,"BRTE, ARTRW8, SATR12, POSE, CETE5, ATCO, SIAL2, GRSP, CHTE2, PIDE4, SAVE4, AGXXXX, DEPI",-115.7787785,42.82690742
9,058247a1-278d-4b35-92c2-8f5773ffcc38,ID,BigWD-090,ID_BFO_LUP_2022_BigWD-090_V1,ID_BFO_LUP_2022,IDB02,13,4/24/2024 18:00,2024-04-24,Celine Knudsen,Celine Knudsen,,,,Spoke,,circle,2827.43,30,,,Yes,15,AF13001,"DENU2, TRDU, BRTE, SATR12, POSE, AGCR, SIAL2, DEPI, AFXXXX",04/30/2024 15:45:45.399,richelle.yunger,05/30/2024 19:21:30.022,nredecker2,"DENU2, TRDU, BRTE, SATR12, POSE, AGCR, SIAL2, DEPI, AFXXXX",-115.6839381,42.69067244
10,ae270610-5cf4-48a1-a63d-f2dd27f7f9b2,ID,Black-139,ID_BFO_LUP_2022_Black-139_V1,ID_BFO_LUP_2022,IDB02,13,4/25/2024 18:00,2024-04-25,Richelle Yunger,Richelle Yunger,,,,Spoke,,circle,2827.43,30,,,Yes,15,PG13002,"ARTRW8, BRTE, POSE, DEPI, SIAL2, PGXXXX, CETE5, SATR12, PIDE4, ATCO, TRDU, ACMI2, SHXXXX, ARARA, PGXXXX, DRVE2, PGXXXX",04/30/2024 15:45:46.948,richelle.yunger,05/30/2024 19:21:31.067,nredecker2,"ARTRW8, BRTE, POSE, DEPI, SIAL2, PGXXXX, CETE5, SATR12, PIDE4, ATCO, TRDU, ACMI2, SHXXXX, ARARA, PGXXXX, DRVE2, PGXXXX",-115.719826,42.56973315
11,6cff9b6d-320b-4590-bacf-4a070035e117,ID,BigWD-097,ID_BFO_LUP_2022_BigWD-097_V2,ID_BFO_LUP_2022,IDB02,13,4/26/2024 18:00,2024-04-26,Richelle Yunger,Richelle Yunger,,,,Spoke,,circle,2827.43,30,,,Yes,19,"PF13003, PF13004, PF13005","ARTRW8, SIAL2, POSE, BRTE, PHHO, PSSP6, SATR12, ELEL5, ATCO, DEPI, GUSA2, TECA2, ACHY, PFXXXX, PFXXXX, PFXXXX, GRSP, ARARA",04/30/2024 15:45:48.385,richelle.yunger,05/30/2024 19:21:32.632,nredecker2,"ARTRW8, SIAL2, POSE, BRTE, PHHO, PSSP6, SATR12, ELEL5, ATCO, DEPI, GUSA2, TECA2, ACHY, PFXXXX, PFXXXX, PFXXXX, GRSP, ARARA",-115.9605635,42.63300322
12,10faacce-95b0-48a7-add5-75733deb9edf,ID,SD-294,ID_BFO_LUP_2022_SD-294_V1,ID_BFO_LUP_2022,IDB02,13,4/27/2024 18:00,2024-04-27,Richelle Yunger,Richelle Yunger,Richelle Yunger,Richelle Yunger,,Spoke,,circle,2827.43,30,,,Yes,17,"AG13002, SH13003, PG13005, SH13004, AF13007, AF13008, AF13009, AF13010","BRTE, SATR12, ELEL5, AGXXXX, SHXXXX, ERCI6, SIAL2, DEPI, PGXXXX, SHXXXX, AFXXXX, AFXXXX, AFXXXX, AFXXXX",04/30/2024 15:45:50.208,richelle.yunger,05/30/2024 19:21:33.964,nredecker2,"BRTE, SATR12, ELEL5, AGXXXX, SHXXXX, ERCI6, SIAL2, DEPI, PGXXXX, SHXXXX, AFXXXX, AFXXXX, AFXXXX, AFXXXX",-115.9787294,42.94213401
13,84aca15d-fdd9-4a9a-87cf-c925c65b4e92,ID,BSWD2023-018,ID_JFO_LUP_2023_BSWD2023-018_V2,ID_JFO_LUP_2023,IDT01,03,4/27/2024 18:00,2024-04-27,Brandon Brown,Brandon Brown,Brandon Brown,Brandon Brown,,Spoke,,circle,2827.43,30,,,Yes,21,PF03009,"AGCR, POSE, BRTE, PFXXXX, ARTRW8, PHLO2, SIAL2, HOUM, MIGR, CETE5, TRDU, CHTE2, CRAC2, CHVI8, ASPU9, DEPI",04/30/2024 17:08:22.263,brandon.brown3,05/30/2024 19:21:35.130,nredecker2,"AGCR, POSE, BRTE, PFXXXX, ARTRW8, PHLO2, SIAL2, HOUM, MIGR, CETE5, TRDU, CHTE2, CRAC2, CHVI8, ASPU9, DEPI",-115.1971452,42.78797628
14,820019a2-c091-4327-8bf8-7c5e62919e71,ID,BSSH2023-006,ID_JFO_LUP_2023_BSSH2023-006_V2,ID_JFO_LUP_2023,IDT01,03,4/28/2024 18:00,2024-04-28,Brandon Brown,Brandon Brown,Brandon Brown,Brandon Brown,,Spoke,,circle,2827.43,30,,,Yes,15,,"PHLO2, LOFO, POSE, BRTE, SIAL2, ONAC, DEPI, CETE5, MIGR, HOUM, CHTE2, SATR12, ELEL5",04/30/2024 17:08:23.928,brandon.brown3,05/30/2024 19:21:36.145,nredecker2,"PHLO2, LOFO, POSE, BRTE, SIAL2, ONAC, DEPI, CETE5, MIGR, HOUM, CHTE2, SATR12, ELEL5",-115.3664227,42.81543377
15,3d40920a-b7db-47ec-aafc-0d8352074c98,ID,BSWD2023-015,ID_JFO_LUP_2023_BSWD2023-015_V2,ID_JFO_LUP_2023,IDT01,03,4/29/2024 18:00,2024-04-29,Spencer Shaw,Brandon Brown,,,,Spoke,,circle,2827.43,30,,,Yes,25,"PF03013, PF03012","AGCR, PHLO2, ASPU9, POSE, ERPU2, SIAL2, BRTE, COPA3, ATCA2, ARTRW8, DEPI, PFXXXX, PFXXXX, TRDU, DENU2, DRVE2, CETE5, HOUM, MACA2",04/30/2024 17:08:26.129,brandon.brown3,05/30/2024 19:21:37.314,nredecker2,"AGCR, PHLO2, ASPU9, POSE, ERPU2, SIAL2, BRTE, COPA3, ATCA2, ARTRW8, DEPI, PFXXXX, PFXXXX, TRDU, DENU2, DRVE2, CETE5, HOUM, MACA2",-115.1953141,42.55167294
16,952d4e76-d239-4412-a704-77a63e9355c5,ID,NAT-NR-025,ID_BUFO_LUP_2021_NAT-NR-025_V1,ID_BUFO_LUP_2021,IDT02,03,4/24/2024 18:00,2024-04-24,Spencer Shaw,Sean Bishop,,,,Spoke,,circle,2827.43,30,,,Yes,15,,"ERNA10, HOUM, AGCR, ARTRW8, CETE5, POSE, SIAL2, TRDU, BRTE, ERCI6, DRVE2, MIGR",04/30/2024 17:30:07.358,spencercshaw12,05/30/2024 19:21:38.413,nredecker2,"ERNA10, HOUM, AGCR, ARTRW8, CETE5, POSE, SIAL2, TRDU, BRTE, ERCI6, DRVE2, MIGR",-114.5169443,42.40650709
17,39ce0071-2825-4fd3-9dfd-b2d1d5fd2f2c,ID,SEED-NR-010,ID_BUFO_LUP_2021_SEED-NR-010_V1,ID_BUFO_LUP_2021,IDT02,03,4/24/2024 18:00,2024-04-24,Spencer Shaw,Spencer Shaw,,,,Spoke,,circle,2827.43,30,,,Yes,15,"PF03001, PF03002, SH03000","ERNA10, HOUM, AGCR, CETE5, POSE, SIAL2, BRTE, DRVE2, MIGR, ZIVE, PHLO2, DEPI, ASLE8, ASPU9, BAHO, TAOF, UNXXXX, UNXXXX, UNXXXX",04/30/2024 17:30:09.032,spencercshaw12,06/21/2024 19:14:43.107,wthiel@blm.gov_BLM_EGIS,"ERNA10, HOUM, AGCR, CETE5, POSE, SIAL2, BRTE, DRVE2, MIGR, ZIVE, PHLO2, DEPI, ASLE8, ASPU9, BAHO, TAOF, UNXXXX, UNXXXX, UNXXXX",-114.1887839,42.41732727
18,b9728695-7edc-42bf-9c54-0355d7cfc6fb,ID,SEED-113,ID_BUFO_LUP_2021_SEED-113_V1,ID_BUFO_LUP_2021,IDT02,03,4/25/2024 18:00,2024-04-25,Spencer Shaw,Spencer Shaw,,,,Spoke,,circle,2827.43,30,,,Yes,15,,"ARTRW8, AGCR, POSE, CETE5, SIAL2, BRTE, DRVE2, ERNA10, HOUM, ZIVE",04/30/2024 17:30:10.922,spencercshaw12,05/30/2024 19:21:40.896,nredecker2,"ARTRW8, AGCR, POSE, CETE5, SIAL2, BRTE, DRVE2, ERNA10, HOUM, ZIVE",-114.7192084,42.47022553
19,b5ab531a-5d43-4d62-8f23-fa965a3630a8,ID,BSSH2023-NR-002,ID_JFO_LUP_2023_BSSH2023-NR-002_V1,ID_JFO_LUP_2023,IDT01,03,4/25/2024 18:00,2024-04-25,Spencer Shaw,Spencer Shaw,,,,Spoke,,circle,2827.43,30,,,Yes,15,PF03003,"POSE, BRTE, TRDU, SIAL2, SATR12, UNXXXX",04/30/2024 17:30:12.789,spencercshaw12,06/21/2024 19:18:46.370,wthiel@blm.gov_BLM_EGIS,"POSE, BRTE, TRDU, SIAL2, SATR12, UNXXXX",-115.1048957,42.89352657
20,36a6b704-afef-400a-9aea-5a283783aca3,ID,BSSH2023-007,ID_JFO_LUP_2023_BSSH2023-007_V2,ID_JFO_LUP_2023,IDT01,03,4/26/2024 18:00,2024-04-26,Spencer Shaw,Spencer Shaw,,,,Spoke,,circle,2827.43,30,,,Yes,15,,"SIAL2, BRTE, AGCR, HOUM, ONAC, CETE5, CHTE2, ERCI6, TRDU, VETH, DRVE2, MIGR, DENU2, POSE",04/30/2024 17:30:15.104,spencercshaw12,05/30/2024 19:21:43.346,nredecker2,"SIAL2, BRTE, AGCR, HOUM, ONAC, CETE5, CHTE2, ERCI6, TRDU, VETH, DRVE2, MIGR, DENU2, POSE",-115.1871745,42.8337427
21,33779bad-9db7-4562-9be8-8f2792a19c75,ID,BSSH2023-008,ID_JFO_LUP_2023_BSSH2023-008_V2,ID_JFO_LUP_2023,IDT01,03,4/26/2024 18:00,2024-04-26,Spencer Shaw,Spencer Shaw,,,,Spoke,,circle,2827.43,30,,,Yes,15,"PF03004, PF03005, PF03006, PF03007, PF03008","HECO26, POSE, BRTE, SIAL2, ERNA10, ARTRV, GRSP, AGCR, ASPU9, DEPI, CETE5, ERCI6, MEAL6, LECI4, TRDU, CAAN7, PHHO, BASA3, TOFL5, UNXXXX, UNXXXX, UNXXXX, UNXXXX, UNXXXX",04/30/2024 17:30:16.841,spencercshaw12,06/21/2024 19:21:16.498,wthiel@blm.gov_BLM_EGIS,"HECO26, POSE, BRTE, SIAL2, ERNA10, ARTRV, GRSP, AGCR, ASPU9, DEPI, CETE5, ERCI6, MEAL6, LECI4, TRDU, CAAN7, PHHO, BASA3, TOFL5, PFXXXX, PFXXXX, PFXXXX, PFXXXX, PFXXXX",-115.2721391,42.86504177
22,07fc09d7-f1e8-47e2-add8-c928458fd12f,ID,BSWD2023-019,ID_JFO_LUP_2023_BSWD2023-019_V2,ID_JFO_LUP_2023,IDT01,03,4/28/2024 18:00,2024-04-28,Spencer Shaw,Spencer Shaw,,,,Spoke,,circle,2827.43,30,,,Yes,15,"PF03010, PF03011","POSE, AGCR, BRTE, CETE5, DRVE2, TRDU, SATR12, LEPE2, SIAL2, DEPI, HOUM, POBU, ERNA10, ASPU9, PHLO2, UNXXXX, UNXXXX",04/30/2024 17:30:18.638,spencercshaw12,06/21/2024 19:22:27.888,wthiel@blm.gov_BLM_EGIS,"POSE, AGCR, BRTE, CETE5, DRVE2, TRDU, SATR12, LEPE2, SIAL2, DEPI, HOUM, POBU, ERNA10, ASPU9, PHLO2, UNXXXX, UNXXXX",-115.4030515,42.6251797
23,972cf586-3fc2-409c-bdb2-cee3b6cdf890,ID,SD-010,ID_SHFO_LUP_2023_SD-010_V2,ID_SHFO_LUP_2023,IDT03,01,4/24/2024 18:00,2024-04-24,Noah Duncan Reid,Noah Duncan Reid,Grace Stavich,Noah Duncan Reid,,Spoke,,circle,2827.43,30,,,Yes,36,"PF01001, PF01002, AF01001, AF01002, SH01001","POSE, SATR12, ELEL5, BRTE, SIAL2, PFXXXX, PFXXXX, VIBE2, AGCR, CEST8, HOUM, AFXXXX, AFXXXX, PHLO2, CETE5, DRVE2, LOSI2, SHXXXX, LIGL2, GUSA2, LOFO, MIGR, POBU, SPMU2",04/30/2024 20:09:03.499,noahduncanreid7,05/30/2024 19:21:46.531,nredecker2,"POSE, SATR12, ELEL5, BRTE, SIAL2, PFXXXX, PFXXXX, VIBE2, AGCR, CEST8, HOUM, AFXXXX, AFXXXX, PHLO2, CETE5, DRVE2, LOSI2, SHXXXX, LIGL2, GUSA2, LOFO, MIGR, POBU, SPMU2",-114.4712866,42.91759787
24,b10a8b18-b08d-41f9-b510-d4ecdd2f75f1,ID,BSWD-015,ID_SHFO_LUP_2023_BSWD-015_V2,ID_SHFO_LUP_2023,IDT03,01,4/25/2024 18:00,2024-04-25,Noah Duncan Reid,Noah Duncan Reid,Noah Duncan Reid,Noah Duncan Reid,,Spoke,,circle,2827.43,30,,,Yes,30,"PF01005, AF01003, AF01004, PF01003, PF01004, AF01005, PF01007, PF01006","ARTRT, DRVE2, CETE5, POSE, CHVI8, AGCR, ASPU9, PFXXXX, AFXXXX, SPMU2, BRTE, AFXXXX, PFXXXX, LIPU11, VIBE2, PFXXXX, AFXXXX, PFXXXX, ZIVE, LOSI2, PFXXXX, ARTR4, LONU2, MIGR, PHLO2, SIAL2",04/30/2024 20:09:05.200,noahduncanreid7,05/30/2024 19:21:47.584,nredecker2,"ARTRT, DRVE2, CETE5, POSE, CHVI8, AGCR, ASPU9, PFXXXX, AFXXXX, SPMU2, BRTE, AFXXXX, PFXXXX, LIPU11, VIBE2, PFXXXX, AFXXXX, PFXXXX, ZIVE, LOSI2, PFXXXX, ARTR4, LONU2, MIGR, PHLO2, SIAL2",-114.4052426,43.04194703
25,8fb08ead-b6e0-4af9-9a6d-49c4dd8b95f2,ID,OT-008,ID_SHFO_LUP_2023_OT-008_V2,ID_SHFO_LUP_2023,IDT03,01,4/26/2024 18:00,2024-04-26,Noah Duncan Reid,Noah Duncan Reid,Noah Duncan Reid,Noah Duncan Reid,,Spoke,,circle,2827.43,30,,,Yes,18,PF01008,"PFXXXX, BRTE, ERCI6, SIAL2, HOUM, POSE, VIBE2, DRVE2, TAOF, LIPA5",04/30/2024 20:09:06.757,noahduncanreid7,05/30/2024 19:21:48.864,nredecker2,"PFXXXX, BRTE, ERCI6, SIAL2, HOUM, POSE, VIBE2, DRVE2, TAOF, LIPA5",-114.4130124,42.62551011
26,ae79a1fa-6baf-477b-b175-17af65b4b705,ID,BSWD-012,ID_SHFO_LUP_2023_BSWD-012_V2,ID_SHFO_LUP_2023,IDT03,01,4/26/2024 18:00,2024-04-26,Noah Duncan Reid,Noah Duncan Reid,Noah Duncan Reid,Noah Duncan Reid,,Spoke,,circle,2827.43,30,,,Yes,23,SH01002,"SIAL2, BRTE, AGCR, HEAN3, POSE, PHLO2, ERCI6, LITE4, VIBE2, HOUM, CHJU, GYNU, DRVE2, LEPE2, ARTRT, POBU, CETE5, SHXXXX, LOFO, ASLE8",04/30/2024 20:09:08.969,noahduncanreid7,05/30/2024 19:21:50.021,nredecker2,"SIAL2, BRTE, AGCR, HEAN3, POSE, PHLO2, ERCI6, LITE4, VIBE2, HOUM, CHJU, GYNU, DRVE2, LEPE2, ARTRT, POBU, CETE5, SHXXXX, LOFO, ASLE8",-114.8879204,42.96529057
27,df6eb4d3-a84c-44c3-a3d2-671b0d8f118c,ID,SD-017,ID_SHFO_LUP_2023_SD-017_V1,ID_SHFO_LUP_2023,IDT03,01,4/27/2024 18:00,2024-04-27,Grace Stavich,Grace Stavich,,,,Spoke,,circle,2827.43,30,,,Yes,19,,"AGCR, BRTE, SIAL2, LASE, ARTRT, PHLO2, ASCA12, CHJU, ERCI6, GUSA2, MACA2, POSE, LIRU4, TRDU, THIN6, ERNA10",04/30/2024 20:09:11.085,noahduncanreid7,05/30/2024 19:21:51.107,nredecker2,"AGCR, BRTE, SIAL2, LASE, ARTRT, PHLO2, ASCA12, CHJU, ERCI6, GUSA2, MACA2, POSE, LIRU4, TRDU, THIN6, ERNA10",-114.9039607,42.88584942
28,5a49e3db-1833-49df-bf4e-de75d6f75764,ID,SD-013,ID_SHFO_LUP_2023_SD-013_V2,ID_SHFO_LUP_2023,IDT03,01,4/28/2024 18:00,2024-04-28,Noah Duncan Reid,Noah Duncan Reid,Noah Duncan Reid,Noah Duncan Reid,,Spoke,,circle,2827.43,30,,,Yes,28,"PF01011, PF01010, PF01012, AG01002","CHVI8, LOFO, AGCR, ARTRT, PFXXXX, PFXXXX, SIAL2, BRTE, PHHA, ALDE, OPPO, TRDU, SPMU2, COLI2, LASE, PFXXXX, CHJU, GISI, LAGL5, PUTR2, POSE, BASA3, LOSI2, RUVE2, AGXXXX",04/30/2024 20:09:13.241,noahduncanreid7,05/30/2024 19:21:52.188,nredecker2,"CHVI8, LOFO, AGCR, ARTRT, PFXXXX, PFXXXX, SIAL2, BRTE, PHHA, ALDE, OPPO, TRDU, SPMU2, COLI2, LASE, PFXXXX, CHJU, GISI, LAGL5, PUTR2, POSE, BASA3, LOSI2, RUVE2, AGXXXX",-113.915412,42.89425585
29,9e85ce9e-9a91-4781-a023-89faf83bc442,ID,OT-NR-001,ID_SHFO_LUP_2023_OT-NR-001_V1,ID_SHFO_LUP_2023,IDT03,01,4/27/2024 18:00,2024-04-27,Grace Stavich,Grace Stavich,,,,Spoke,,circle,2827.43,30,,,Yes,22,"AG01001, AF01006, PF01009","AGCR, POSE, BRTE, DRVE2, ARTRT, SIAL2, HOUM, ERCI6, ERNA10, POBU, CHJU, AMME, AGXXXX, AFXXXX, VIBE2, LOFO, PFXXXX, LEPE2, HEAN3, ASLE8",04/30/2024 20:09:13.946,noahduncanreid7,05/30/2024 19:21:53.289,nredecker2,"AGCR, POSE, BRTE, DRVE2, ARTRT, SIAL2, HOUM, ERCI6, ERNA10, POBU, CHJU, AMME, AGXXXX, AFXXXX, VIBE2, LOFO, PFXXXX, LEPE2, HEAN3, ASLE8",-114.9466382,42.95565161
30,ba15f03d-8a5a-40a0-b8aa-9fd26ffe10f5,ID,SD-011,ID_SHFO_LUP_2023_SD-011_V2,ID_SHFO_LUP_2023,IDT03,01,4/29/2024 18:00,2024-04-29,Grace Stavich,Grace Stavich,Grace Stavich,Grace Stavich,,Spoke,,circle,2827.43,30,,,Yes,20,PF01013,"AGCR, MACA2, BRTE, POSE, CHDO, GYNU, CETE5, CHJU, ELEL5, LASE, ERCA2, ARTRW8, ACMI2, LIGL2, PSSP6, DRVE2, LOFO, TRDU, SIAL2, ERNA10, ALDE, PFXXXX, ERPU2, ARCA13, CHVI8",04/30/2024 20:09:15.785,noahduncanreid7,05/30/2024 23:18:39.265,nredecker2,"AGCR, MACA2, BRTE, POSE, CHDO, GYNU, CETE5, CHJU, ELEL5, LASE, ERCA2, ARTRW8, ACMI2, LIGL2, PSSP6, DRVE2, LOFO, TRDU, SIAL2, ERNA10, ALDE, PFXXXX, ERPU2, ARCA13, CHVI8",-114.1007896,42.98559377
31,1a9399a3-d009-4409-b7fd-ace5c007407e,ID,BigWD-NR-005,ID_BFO_LUP_2022_BigWD-NR-005_V1,ID_BFO_LUP_2022,IDB02,13,4/25/2024 18:00,2024-04-25,Celine Knudsen,Celine Knudsen,,,,Spoke,,circle,2827.43,30,,,Yes,15,"PG13001, PF13001, AF13003, AF13002, PF13002","POSE, DEPI, SIAL2, MIGR, PGXXXX, PHHO, PHLO2, PFXXXX, AFXXXX, BRTE, CETE5, AFXXXX, PFXXXX, DENU2, ARTRW8",04/30/2024 20:35:04.194,knudsen.celine,05/30/2024 19:21:55.382,nredecker2,"POSE, DEPI, SIAL2, MIGR, PGXXXX, PHHO, PHLO2, PFXXXX, AFXXXX, BRTE, CETE5, AFXXXX, PFXXXX, DENU2, ARTRW8",-115.7173875,42.58443208
32,1777bbd1-4161-4519-9455-fed28787af48,ID,Black-137,ID_BFO_LUP_2022_Black-137_V2,ID_BFO_LUP_2022,IDB02,13,4/26/2024 18:00,2024-04-26,Celine Knudsen,Celine Knudsen,,,,Spoke,,circle,2827.43,30,,,Yes,15,"AF13004, SH13002, AF13006, AF13005, PF13006, PF13008, PF13009, PF13007","OEPA, SPGR2, CETE5, GUSA2, GRSP, ATCO, ARTRW8, BRTE, POSE, DEPI, AFXXXX, SIAL2, TECA2, HOJU, MIGR, PIDE4, SHXXXX, AFXXXX, AFXXXX, PFXXXX, PFXXXX, PFXXXX, PFXXXX, CHVI8",04/30/2024 20:35:06.034,knudsen.celine,05/30/2024 19:21:57.465,nredecker2,"OEPA, SPGR2, CETE5, GUSA2, GRSP, ATCO, ARTRW8, BRTE, POSE, DEPI, AFXXXX, SIAL2, TECA2, HOJU, MIGR, PIDE4, SHXXXX, AFXXXX, AFXXXX, PFXXXX, PFXXXX, PFXXXX, PFXXXX, CHVI8",-116.0411805,42.74293057
33,2c2df828-70d2-4613-8120-cde84d1388fd,ID,PFO2023-069,ID_PFO_LUP_2023_PFO2023-069_V2,ID_PFO_LUP_2023,IDI02,12,5/8/2024 18:00,2024-05-08,Richelle Yunger,Richelle Yunger,Richelle Yunger,Richelle Yunger,Thorn skeletonweed was flagged as sensitive in species richness but was not listed in rare plants survey. ,Spoke,,circle,2827.43,30,,,Yes,21,"PF12004, AF12001, PF12001, PF12002, PF12003, AF12002","POSE, BASA3, BRTE, TRDU, CETE5, EROV, PSSP6, POBU, AGGL, ALAL3, SYAL, SPMU2, PHLO2, AGCR, ELEL5, DEPI, CHTE2, LASE, LOSI2, LUAR3, PHHO, CRAC2, ARTRV, OPPO, ANDI2, JUSC2, JUCO6, PLSP7, PFXXXX, COPA3, DRVE2, AFXXXX, PFXXXX, PFXXXX, PFXXXX, AFXXXX",05/11/2024 15:12:37.281,sean.bishop,05/30/2024 19:21:58.457,nredecker2,"POSE, BASA3, BRTE, TRDU, CETE5, EROV, PSSP6, POBU, AGGL, ALAL3, SYAL, SPMU2, PHLO2, AGCR, ELEL5, DEPI, CHTE2, LASE, LOSI2, LUAR3, PHHO, CRAC2, ARTRV, OPPO, ANDI2, JUSC2, JUCO6, PLSP7, PFXXXX, COPA3, DRVE2, AFXXXX, PFXXXX, PFXXXX, PFXXXX, AFXXXX",-112.9989424,42.08614338
34,f91a9b07-e276-46c7-ab42-6f2a73425924,ID,PFO2023-073,ID_PFO_LUP_2023_PFO2023-073_V2,ID_PFO_LUP_2023,IDI02,12,5/8/2024 18:00,2024-05-08,Sean Bishop,Sean Bishop,,,,Spoke,,circle,2827.43,30,,,Yes,20,"PF12005, AF12003","JUSC2, POSE, ALAL3, PSSP6, POBU, AGCR, DEPI, CETE5, LECI4, ERNA10, BRTE, GUSA2, LIPU11, ZIVE, LOSI2, PHHO, ACHY, ASLE8, PHLO2, ARARA, ANDI2, COTE, PFXXXX, AFXXXX, DRVE2, ERUM, CHDO",05/11/2024 15:32:42.096,sean.bishop,05/30/2024 19:21:59.697,nredecker2,"JUSC2, POSE, ALAL3, PSSP6, POBU, AGCR, DEPI, CETE5, LECI4, ERNA10, BRTE, GUSA2, LIPU11, ZIVE, LOSI2, PHHO, ACHY, ASLE8, PHLO2, ARARA, ANDI2, COTE, PFXXXX, AFXXXX, DRVE2, ERUM, CHDO",-112.9972385,42.05363982
35,a453da22-3bfa-4eba-8112-79d02d12aba9,ID,PFO2023-085,ID_PFO_LUP_2023_PFO2023-085_V2,ID_PFO_LUP_2023,IDI02,12,5/9/2024 18:00,2024-05-09,Richelle Yunger,Richelle Yunger,,,,Spoke,,circle,2827.43,30,,,Yes,15,,"CETE5, POBU, POSE, OPPO, PHLO2, DEPI, CHVI8, ERNA10, AGCR, CHTE2, LEPE2, HAGL, SAVE4, ARTRW8, BRTE",05/11/2024 15:32:43.544,sean.bishop,05/30/2024 19:22:00.792,nredecker2,"CETE5, POBU, POSE, OPPO, PHLO2, DEPI, CHVI8, ERNA10, AGCR, CHTE2, LEPE2, HAGL, SAVE4, ARTRW8, BRTE",-112.9620975,42.04036826
36,d3e3d734-719a-42c5-b96f-a400f538461d,ID,PFO2023-057,ID_PFO_LUP_2023_PFO2023-057_V2,ID_PFO_LUP_2023,IDI02,12,5/9/2024 18:00,2024-05-09,Sean Bishop,Sean Bishop,,,,Spoke,,circle,2827.43,30,,,Yes,15,,"CETE5, AGCR, HAGL, ARTRW8, TRDU, CHVI8, POSE, ERNA10, POBU, PHLO2, DEPI, GRSQ, ALAL3",05/11/2024 15:32:44.995,sean.bishop,05/30/2024 19:22:02.083,nredecker2,"CETE5, AGCR, HAGL, ARTRW8, TRDU, CHVI8, POSE, ERNA10, POBU, PHLO2, DEPI, GRSQ, ALAL3",-112.9154933,42.03432042
37,53c75cdb-e248-42e4-a2cc-2bf065b978b8,ID,USFO2023-047,ID_USFO_LUP_2023_USFO2023-047_V2,ID_USFO_LUP_2023,IDI01,12,5/10/2024 18:00,2024-05-10,Richelle Yunger,Richelle Yunger,Richelle Yunger,Richelle Yunger,,Spoke,,circle,2827.43,30,,,Yes,15,"PF12006, PF12007, PF12008, PF12009, PF12010, PF12011","CHVI8, ARTRW8, ACHY, PHHO, ELEL5, POSE, PSSP6, TRDU, TAOF, LIPU11, ARHO2, PFXXXX, ALAL3, PFXXXX, CAAN7, PFXXXX, ASPU9, PFXXXX, ARARA, PFXXXX, ZIVE, PFXXXX, DEPI",05/11/2024 15:32:46.454,sean.bishop,05/30/2024 19:22:03.189,nredecker2,"CHVI8, ARTRW8, ACHY, PHHO, ELEL5, POSE, PSSP6, TRDU, TAOF, LIPU11, ARHO2, PFXXXX, ALAL3, PFXXXX, CAAN7, PFXXXX, ASPU9, PFXXXX, ARARA, PFXXXX, ZIVE, PFXXXX, DEPI",-113.3957837,43.88572348
38,6a2599cb-b943-4ce6-8a76-4607474c59ab,ID,USFO2023-052,ID_USFO_LUP_2023_USFO2023-052_V2,ID_USFO_LUP_2023,IDI01,12,5/10/2024 18:00,2024-05-10,Sean Bishop,Sean Bishop,,,,Spoke,,circle,2827.43,30,,,Yes,17,"AF12005, AF12004, PF12012","PSSP6, PHHO, ATCO, PHLO2, ARARA, CHVI8, ACHY, KRLA2, POSE, ERMI4, ERNA10, ARHO2, IOAL, CROC, CORA5, ASPU9, CRAC2, CRMO4, AFXXXX, AFXXXX, ANDI2, PFXXXX, ARKI, AGGL, CYAC, GUSA2",05/11/2024 15:32:48.030,sean.bishop,05/30/2024 19:22:04.233,nredecker2,"PSSP6, PHHO, ATCO, PHLO2, ARARA, CHVI8, ACHY, KRLA2, POSE, ERMI4, ERNA10, ARHO2, IOAL, CROC, CORA5, ASPU9, CRAC2, CRMO4, AFXXXX, AFXXXX, ANDI2, PFXXXX, ARKI, AGGL, CYAC, GUSA2",-113.0591108,43.77973351
39,d4cfc5d9-4b2d-4d9c-a99c-36cfc8b66794,ID,SD-291,ID_BFO_LUP_2022_SD-291_V1,ID_BFO_LUP_2022,IDB02,11,5/8/2024 18:00,2024-05-08,Jordan Rodriguez,Jordan Rodriguez,,,,Spoke,,circle,2827.43,30,,,Yes,19,PF11023,"BRTE, ATCO, PIDE4, DEPI, ELEL5, TEGL, SPGR2, CHVI8, ARTRW8, PFXXXX, OPPO, ALNE, CETE5, NALE, CYCO4, PHHO, CRHU2, GRSP, OECA10, ORFA, LAGL5, ERCI6",05/13/2024 15:40:16.503,jordantylerrodriguez,05/30/2024 19:22:05.318,nredecker2,"BRTE, ATCO, PIDE4, DEPI, ELEL5, TEGL, SPGR2, CHVI8, ARTRW8, PFXXXX, OPPO, ALNE, CETE5, NALE, CYCO4, PHHO, CRHU2, GRSP, OECA10, ORFA, LAGL5, ERCI6",-116.1980259,42.77454132
40,e7ce6dd1-9ee1-40cf-b097-e742cb8538f6,ID,BigWD-091,ID_BFO_LUP_2022_BigWD-091_V1,ID_BFO_LUP_2022,IDB02,11,5/9/2024 18:00,2024-05-09,Jordan Rodriguez,Jordan Rodriguez,,,,Spoke,,circle,2827.43,30,,,Yes,21,PF11024,"BRTE, ARTRW8, PIDE4, ELEL5, ATCO, TEGL, PFXXXX, TOFL5, DEPI, HAGL, SPCO, ERCI6, ERNA10, KRLA2, OPPO, ASPU9, GRSP, CAPI4, CRHU2, TRDU, CHDO, POSE",05/13/2024 15:40:18.596,jordantylerrodriguez,05/30/2024 19:22:06.472,nredecker2,"BRTE, ARTRW8, PIDE4, ELEL5, ATCO, TEGL, PFXXXX, TOFL5, DEPI, HAGL, SPCO, ERCI6, ERNA10, KRLA2, OPPO, ASPU9, GRSP, CAPI4, CRHU2, TRDU, CHDO, POSE",-116.2295499,42.79596043
41,559c6112-d29f-4823-88cd-7f7830f6f462,ID,LowWD-229,ID_BFO_LUP_2022_LowWD-229_V1,ID_BFO_LUP_2022,IDB02,11,5/9/2024 18:00,2024-05-09,Jordan Rodriguez,Jordan Rodriguez,,,,Spoke,,circle,2827.43,30,,,Yes,23,"PF11025, PF11026, PF11027","ARTRW8, POSE, BRTE, ZIVE, ERCI6, GIIN2, DEPI, CRCI2, AGGL, PFXXXX, TEGL, LAGL5, MIGR, PLMA4, FEID, OPPO, MEAL6, PFXXXX, CHDO, PHHO, ELEL5, PFXXXX, CETE5, DRVE2, GISI, ERNA10, HOUM",05/13/2024 15:40:20.379,jordantylerrodriguez,05/30/2024 19:22:07.659,nredecker2,"ARTRW8, POSE, BRTE, ZIVE, ERCI6, GIIN2, DEPI, CRCI2, AGGL, PFXXXX, TEGL, LAGL5, MIGR, PLMA4, FEID, OPPO, MEAL6, PFXXXX, CHDO, PHHO, ELEL5, PFXXXX, CETE5, DRVE2, GISI, ERNA10, HOUM",-116.2781736,42.78004233
42,a4840f33-a17d-4096-8e8b-23a036189313,ID,SD-293,ID_BFO_LUP_2022_SD-293_V2,ID_BFO_LUP_2022,IDB02,11,5/10/2024 18:00,2024-05-10,Jordan Rodriguez,Jordan Rodriguez,,,,Spoke,,circle,2827.43,30,,,Yes,18,"AF11008, AF11009, AF11010","SAVE4, BRTE, DEPI, SIAL2, ALAL3, ERTR13, CETE5, ATCA2, ATCO, PIDE4, MAAF, AFXXXX, HAGL, AFXXXX, LAOC3, LEDE, MEAL6, LASE, TESP2, AFXXXX",05/13/2024 15:40:22.743,jordantylerrodriguez,05/30/2024 19:22:09.167,nredecker2,"SAVE4, BRTE, DEPI, SIAL2, ALAL3, ERTR13, CETE5, ATCA2, ATCO, PIDE4, MAAF, AFXXXX, HAGL, AFXXXX, LAOC3, LEDE, MEAL6, LASE, TESP2, AFXXXX",-116.2596321,42.97325077
43,12d274f3-a15d-46f0-b52d-c10b4375466a,ID,BigWD-095,ID_BFO_LUP_2022_BigWD-095_V2,ID_BFO_LUP_2022,IDB02,11,5/10/2024 18:00,2024-05-10,Jordan Rodriguez,Jordan Rodriguez,,,,Spoke,,circle,2827.43,30,,,Yes,17,,"BRTE, POSE, FEID, PSSP6, ARTRV, ARTRW8, ERNA10, TEGL, ATCO, DEPI, ERCI6, AMTE3, CHVI8",05/13/2024 15:40:24.609,jordantylerrodriguez,05/30/2024 19:22:10.374,nredecker2,"BRTE, POSE, FEID, PSSP6, ARTRV, ARTRW8, ERNA10, TEGL, ATCO, DEPI, ERCI6, AMTE3, CHVI8",-116.1883158,42.74635151
44,4c703f18-3ace-4ca1-bf23-a41b64b4c9cc,ID,SD-NR-003,ID_BFO_LUP_2022_SD-NR-003_V1,ID_BFO_LUP_2022,IDB02,11,5/11/2024 18:00,2024-05-11,Jordan Rodriguez,Jordan Rodriguez,,,,Spoke,,circle,2827.43,30,,,Yes,25,,"BRTE, ARTRW8, DEPI, SIAL2, GRSP, ATCO, ARHO2, CASC18, MEAL6, NALE, PIDE4, POSE, KRLA2, HECO26, ACHY, AMTE3, ASIO, MACA2, PHLO2, TEGL, CHVI8, ATCA2, CAPI4, GIIN2, ERMI4, ELEL5, TRDU, ERCI6, STPI, CLLU2, LAOC3",05/13/2024 15:40:26.196,jordantylerrodriguez,05/30/2024 19:22:11.678,nredecker2,"BRTE, ARTRW8, DEPI, SIAL2, GRSP, ATCO, ARHO2, CASC18, MEAL6, NALE, PIDE4, POSE, KRLA2, HECO26, ACHY, AMTE3, ASIO, MACA2, PHLO2, TEGL, CHVI8, ATCA2, CAPI4, GIIN2, ERMI4, ELEL5, TRDU, ERCI6, STPI, CLLU2, LAOC3",-115.8331236,42.75788145
45,8eaa3c28-2741-4d1c-866d-1943209fd1cc,ID,SD-295,ID_BFO_LUP_2022_SD-295_V2,ID_BFO_LUP_2022,IDB02,11,5/11/2024 18:00,2024-05-11,Jordan Rodriguez,Jordan Rodriguez,,,,Spoke,,circle,2827.43,30,,,Yes,19,PF11028,"BRTE, SIAL2, ELTR7, MEAL6, ATCA2, ACHY, PFXXXX, DEPI, POSE, GIIN2, LILE3, HECO26, ELGL",05/13/2024 15:40:27.792,jordantylerrodriguez,05/30/2024 19:22:12.807,nredecker2,"BRTE, SIAL2, ELTR7, MEAL6, ATCA2, ACHY, PFXXXX, DEPI, POSE, GIIN2, LILE3, HECO26, ELGL",-115.8873117,42.74387403
46,c4b541f5-81cf-42e2-9d42-5d6f160e649c,ID,OT2023-NR-006,ID_JFO_LUP_2023_OT2023-NR-006_V1,ID_JFO_LUP_2023,IDT01,03,5/9/2024 18:00,2024-05-09,Brandon Brown,Brandon Brown,Brandon Brown,Brandon Brown,,Spoke,,circle,2827.43,30,,,Yes,20,AF03001,"BRTE, SIAL2, ERNA10, ALDE, ERCI6, ATCA2, ARTRW8, EROV, SATR12, HOUM, BASC5, AGCR, LASE, DEPI, CETE5, CHTE2, POBU, ERTR13, TRDU, AFXXXX",05/13/2024 18:54:35.943,brandon.brown3,05/30/2024 19:22:14.099,nredecker2,"BRTE, SIAL2, ERNA10, ALDE, ERCI6, ATCA2, ARTRW8, EROV, SATR12, HOUM, BASC5, AGCR, LASE, DEPI, CETE5, CHTE2, POBU, ERTR13, TRDU, AFXXXX",-114.8555228,42.71495502
47,71f28670-8d55-4784-a55a-c37e2ae6b489,ID,BSWD2023-022,ID_JFO_LUP_2023_BSWD2023-022_V2,ID_JFO_LUP_2023,IDT01,03,5/9/2024 18:00,2024-05-09,Brandon Brown,Brandon Brown,,,,Spoke,,circle,2827.43,30,,,Yes,15,AG03001,"POSE, BRTE, PHLO2, AGCR, DEPI, PSSP6, SIAL2, SPMU2, PHHO, LECI4, AGXXXX, ARPU9, MIGR",05/13/2024 18:54:37.807,brandon.brown3,05/30/2024 19:22:15.247,nredecker2,"POSE, BRTE, PHLO2, AGCR, DEPI, PSSP6, SIAL2, SPMU2, PHHO, LECI4, AGXXXX, ARPU9, MIGR",-115.0431806,42.62582927
48,d912ba52-1ba3-444a-9037-4fa92f26bf98,ID,BSWD2023-027,ID_JFO_LUP_2023_BSWD2023-027_V1,ID_JFO_LUP_2023,IDT01,03,5/11/2024 18:00,2024-05-11,Brandon Brown,Brandon Brown,Brandon Brown,Brandon Brown,,Spoke,,circle,2827.43,30,,,Yes,15,SH03001,"SIAL2, AGCR, POSE, CETE5, PHLO2, BRTE, ACMI2, POBU, ERTR13, SHXXXX",05/13/2024 18:54:39.665,brandon.brown3,05/30/2024 19:22:16.295,nredecker2,"SIAL2, AGCR, POSE, CETE5, PHLO2, BRTE, ACMI2, POBU, ERTR13, SHXXXX",-115.4348921,42.72077534
49,fbaec0d8-8925-4a6a-9b32-5ce70a2baaff,ID,BSWD2023-021,ID_JFO_LUP_2023_BSWD2023-021_V2,ID_JFO_LUP_2023,IDT01,03,5/12/2024 18:00,2024-05-12,Brandon Brown,Brandon Brown,Brandon Brown,Brandon Brown,,Spoke,,circle,2827.43,30,,,Yes,25,,"TRDU, POSE, PHLO2, DRVE2, HOUM, MIGR, ARTRW8, ASPU9, ANDI2, ELEL5, CETE5, ALNE, ERNA10, AGCR, BRTE, VUMY, CRAC2, DEPI, ASBE3, CHVI8, SIAL2, PHHO, HECO26, CAAN7, ASAT, ERPU2, LOFO, COPA3, ARSP",05/13/2024 18:54:41.398,brandon.brown3,05/30/2024 19:22:17.277,nredecker2,"TRDU, POSE, PHLO2, DRVE2, HOUM, MIGR, ARTRW8, ASPU9, ANDI2, ELEL5, CETE5, ALNE, ERNA10, AGCR, BRTE, VUMY, CRAC2, DEPI, ASBE3, CHVI8, SIAL2, PHHO, HECO26, CAAN7, ASAT, ERPU2, LOFO, COPA3, ARSP",-115.2947755,42.51589903
50,256a51ef-0705-4815-80e7-b690d3eb925a,ID,BSWD2023-024,ID_JFO_LUP_2023_BSWD2023-024_V2,ID_JFO_LUP_2023,IDT01,03,5/12/2024 18:00,2024-05-12,Spencer Shaw,Spencer Shaw,,,,Spoke,,circle,2827.43,30,,,Yes,45,"PF03021, PF03022, PF03023","POSE, PHLO2, TRDU, ERPU2, PSSP6, LILE3, CHVI8, ASPU9, DEPI, ARTRW8, PASM, AGCR, SIAL2, LECI4, SPMU2, MIGR, CRAC2, PHHO, BRTE, CAAN7, SPGR2, ASBE3, ZIVE, ELEL5, HOUM, DENU2, HECO26, LOFO, BASA3, TOFL5, PFXXXX, PFXXXX, PFXXXX, CETE5",05/13/2024 18:54:43.146,brandon.brown3,05/30/2024 19:22:18.353,nredecker2,"POSE, PHLO2, TRDU, ERPU2, PSSP6, LILE3, CHVI8, ASPU9, DEPI, ARTRW8, PASM, AGCR, SIAL2, LECI4, SPMU2, MIGR, CRAC2, PHHO, BRTE, CAAN7, SPGR2, ASBE3, ZIVE, ELEL5, HOUM, DENU2, HECO26, LOFO, BASA3, TOFL5, PFXXXX, PFXXXX, PFXXXX, CETE5",-115.2545773,42.50500748
51,1a0ceec2-4c15-4662-826a-07bdfdd62b7d,ID,BSWD2023-NR-002,ID_JFO_LUP_2023_BSWD2023-NR-002_V1,ID_JFO_LUP_2023,IDT01,03,5/8/2024 18:00,2024-05-08,Spencer Shaw,Spencer Shaw,,,,Spoke,,circle,2827.43,30,,,Yes,15,,"AGCR, POSE, CETE5, DEPI, MIGR, LEPE2, SIAL2, ARTRW8, CAAN7, SATR12, ERPU2, BRTE, PHLO2, MESA, TRDU, PSSP6, ACMI2",05/13/2024 19:23:17.478,spencercshaw12,05/30/2024 19:22:19.843,nredecker2,"AGCR, POSE, CETE5, DEPI, MIGR, LEPE2, SIAL2, ARTRW8, CAAN7, SATR12, ERPU2, BRTE, PHLO2, MESA, TRDU, PSSP6, ACMI2",-114.935174,42.41602752
52,9baa5825-c88d-48d9-98a8-bc6baa26bb3b,ID,BSWD2023-016,ID_JFO_LUP_2023_BSWD2023-016_V2,ID_JFO_LUP_2023,IDT01,03,5/8/2024 18:00,2024-05-08,Spencer Shaw,Spencer Shaw,,,,Spoke,,circle,2827.43,30,,,Yes,15,PF03014,"CETE5, BRTE, SIAL2, AGCR, ERCI6, HOUM, POSE, SATR12, ZIVE, ERNA10, PSSP6, CHTE2, TRDU, MIGR, ERPU2, DEPI, LECI4, LOCO4, BAHO, AMME, ALDE, ARTRT, ASBE3, PFXXXX",05/13/2024 19:23:19.229,spencercshaw12,05/30/2024 19:22:21.444,nredecker2,"CETE5, BRTE, SIAL2, AGCR, ERCI6, HOUM, POSE, SATR12, ZIVE, ERNA10, PSSP6, CHTE2, TRDU, MIGR, ERPU2, DEPI, LECI4, LOCO4, BAHO, AMME, ALDE, ARTRT, ASBE3, PFXXXX",-114.9577249,42.49153315
53,9067296e-5bea-47bf-864f-cc0caf978f22,ID,BSWD2023-026,ID_JFO_LUP_2023_BSWD2023-026_V2,ID_JFO_LUP_2023,IDT01,03,5/10/2024 18:00,2024-05-10,Spencer Shaw,Spencer Shaw,,,,Spoke,,circle,2827.43,30,,,Yes,15,"PF03015, PF03016, AF03002","POSE, AGCR, SIAL2, DEPI, SATR12, BRTE, TRDU, PFXXXX, PFXXXX, CHTE2, POBU, AFXXXX",05/13/2024 19:23:21.277,spencercshaw12,05/30/2024 19:22:22.588,nredecker2,"POSE, AGCR, SIAL2, DEPI, SATR12, BRTE, TRDU, PFXXXX, PFXXXX, CHTE2, POBU, AFXXXX",-115.1443504,42.67299863
54,24a9406f-ef8f-483c-acc6-ed3e6b53c6be,ID,LSWD2023-004,ID_JFO_LUP_2023_LSWD2023-004_V1,ID_JFO_LUP_2023,IDT01,03,5/10/2024 18:00,2024-05-10,Spencer Shaw,Spencer Shaw,,,,Spoke,,circle,2827.43,30,,,Yes,15,"PF03016, PF03017, PF03018","BRTE, POSE, ARTRT, SIAL2, ERNA10, SATR12, MEAL6, ACHY, MACA2, OEPA, PFXXXX, PFXXXX, PFXXXX, GRSP, AGXXXX, CHVI8",05/13/2024 19:23:23.216,spencercshaw12,05/30/2024 19:22:23.899,nredecker2,"BRTE, POSE, ARTRT, SIAL2, ERNA10, SATR12, MEAL6, ACHY, MACA2, OEPA, PFXXXX, PFXXXX, PFXXXX, GRSP, AGXXXX, CHVI8",-115.2451628,42.83922132
55,6b73a2ea-128f-400e-8c2f-f9d7d05ba6f6,ID,BSSH2023-005,ID_JFO_LUP_2023_BSSH2023-005_V2,ID_JFO_LUP_2023,IDT01,03,5/11/2024 18:00,2024-05-11,Spencer Shaw,Spencer Shaw,,,,Spoke,,circle,2827.43,30,,,Yes,15,PF03019,"BRTE, SIAL2, PHLO2, AGCR, POSE, ACMI2, SATR12, TRDU, HECO26, ARTRW8, SPMU2, DENU2, LOFO, PFXXXX",05/13/2024 19:23:24.959,spencercshaw12,05/30/2024 19:22:25.072,nredecker2,"BRTE, SIAL2, PHLO2, AGCR, POSE, ACMI2, SATR12, TRDU, HECO26, ARTRW8, SPMU2, DENU2, LOFO, PFXXXX",-115.6716833,42.75335313
56,83edd8c6-ec94-423f-9235-350bebc159df,ID,06236-01-U103,ID_SAFO_GRSG_2024_06236-01-U103_V2,ID_SalmonFO_ModHAF_2024,IDI04,30,5/13/2024 18:00,2024-05-13,Reina Watkins,Reina Watkins,,,,Spoke,,circle,2827.43,30,,,Yes,40,,"ARTRW8, ARTR4, PSSP6, POSE, PHLO2, ASAT2, EROV, ANMI3, PESI, NOTR2, LOAR5, CAAN7, LERE7, ERMI4, ERPU2, ERCO4, IOAL, STAC, PHHO, COPA3, ANDI2, CRAC2, PEHU, ASLE8, ARHO2, HECO26",05/14/2024 13:16:46.722,rlwatkins@blm.gov_BLM_EGIS,05/30/2024 19:22:26.148,nredecker2,"ARTRW8, ARTR4, PSSP6, POSE, PHLO2, ASAT2, EROV, ANMI3, PESI, NOTR2, LOAR5, CAAN7, LERE7, ERMI4, ERPU2, ERCO4, IOAL, STAC, PHHO, COPA3, ANDI2, CRAC2, PEHU, ASLE8, ARHO2, HECO26",-113.5916771,44.86551585
57,0102d99f-f442-484a-9788-b22741422bf0,ID,FRFO2024-PLNS-069,ID_FRFO_LUP_2024_FRFO2024-PLNS-069_V1,ID_FRFO_LUP_2024,IDB01,02,5/8/2024 18:00,2024-05-08,Makena Carlsberg,Makena Carlsberg,Makena Carlsberg,Makena Carlsberg,,Spoke,,circle,2827.43,30,,,Yes,30,"PF02001, PF02002, PF02003, PF02004","TACA8, PHLO2, BAHO, ARTRW8, POSE, LOFO, PHHO, SIAL2, ERCI6, NOTR2, ELEL5, BRTE, PSSP6, LOTR2, ASPU9, CHTE2, PFXXXX, PFXXXX, PFXXXX, PFXXXX, CHJU",05/14/2024 15:55:53.434,mcarlsberg2,05/30/2024 19:22:27.270,nredecker2,"TACA8, PHLO2, BAHO, ARTRW8, POSE, LOFO, PHHO, SIAL2, ERCI6, NOTR2, ELEL5, BRTE, PSSP6, LOTR2, ASPU9, CHTE2, PFXXXX, PFXXXX, PFXXXX, PFXXXX, CHJU",-115.7243155,43.27058002
58,5dad3f14-64e2-45ae-9f51-a715249b43ad,ID,FRFO2024-NR-FTHL-001,ID_FRFO_LUP_2024_FRFO2024-NR-FTHL-001_V1,ID_FRFO_LUP_2024,IDB01,02,5/9/2024 18:00,2024-05-09,Makena Carlsberg,Makena Carlsberg,Makena Carlsberg,Makena Carlsberg,,Spoke,,circle,2827.43,30,,,Yes,36,"PF02001, PF02005, PF02006","CETE5, LOTR2, POSE, DENU2, PHLO2, PSSP6, LUCA, PFXXXX, PFXXXX, ARTRV, PFXXXX, BRTE, ASPU9, POBU, SIAL2, TRDU, NOTR2, LIPA5, CHTE2, BAHO, CHJU, GARA, COPA3",05/14/2024 15:55:55.553,mcarlsberg2,05/30/2024 19:22:28.491,nredecker2,"CETE5, LOTR2, POSE, DENU2, PHLO2, PSSP6, LUCA, PFXXXX, PFXXXX, ARTRV, PFXXXX, BRTE, ASPU9, POBU, SIAL2, TRDU, NOTR2, LIPA5, CHTE2, BAHO, CHJU, GARA, COPA3",-115.6517785,43.27274689
59,7617ad97-35da-43ee-9c95-ed740730fb45,ID,FRFO2024-PLNS-067,ID_FRFO_LUP_2024_FRFO2024-PLNS-067_V1,ID_FRFO_LUP_2024,IDB01,02,5/11/2024 18:00,2024-05-11,Maggie Welsh,Maggie Welsh,,,,Spoke,,circle,2827.43,30,,,Yes,30,SH02001,"POSE, BRTE, ARTR2, ARTRW8, PHLO2, CETE5, ALDE, DEIN5, KRLA2, ELEL5, DEPI, DEGL3, SHXXXX, SAVE4, ERPU2",05/14/2024 15:55:56.202,mcarlsberg2,05/30/2024 19:22:29.478,nredecker2,"POSE, BRTE, ARTR2, ARTRW8, PHLO2, CETE5, ALDE, DEIN5, KRLA2, ELEL5, DEPI, DEGL3, SHXXXX, SAVE4, ERPU2",-116.37295,43.25054982
60,c8fd4641-d44b-4bb8-8894-5204fef8f57c,ID,FRFO2024-NR-PLNS-082,ID_FRFO_LUP_2024_FRFO2024-NR-PLNS-082_V1,ID_FRFO_LUP_2024,IDB01,02,5/10/2024 18:00,2024-05-10,Makena Carlsberg,Makena Carlsberg,Makena Carlsberg,Makena Carlsberg,,Spoke,,circle,2827.43,30,,,Yes,15,,"CETE5, DEPI, DENU2, CHTE2, LEPE2, AMTE3, ATCO, BRTE, LECI4, CHJU",05/14/2024 15:55:57.240,mcarlsberg2,05/30/2024 19:22:30.678,nredecker2,"CETE5, DEPI, DENU2, CHTE2, LEPE2, AMTE3, ATCO, BRTE, LECI4, CHJU",-115.9979533,43.10905243
61,b1f9ac38-64d6-4333-a3da-f626236afe47,ID,FRFO2024-PLNS-068,ID_FRFO_LUP_2024_FRFO2024-PLNS-068_V1,ID_FRFO_LUP_2024,IDB01,02,5/12/2024 18:00,2024-05-12,Maggie Welsh,Maggie Welsh,,,DEINI is Descurainia incisa,Spoke,,circle,2827.43,30,,,Yes,20,,"POSE, BRTE, SIAL2, DEIN5, DEINI, ELEL5, TRDU",05/14/2024 15:55:57.570,mcarlsberg2,05/30/2024 19:22:31.689,nredecker2,"POSE, BRTE, SIAL2, DEIN5, DEINI, ELEL5, TRDU",-116.4955537,43.23118804
62,413cfc6f-aeda-4b49-a1a6-66293aeca280,ID,FRFO2024-PLNS-071,ID_FRFO_LUP_2024_FRFO2024-PLNS-071_V1,ID_FRFO_LUP_2024,IDB01,02,5/10/2024 18:00,2024-05-10,Makena Carlsberg,Makena Carlsberg,Makena Carlsberg,Makena Carlsberg,,Spoke,,circle,2827.43,30,,,Yes,15,,"LAOC3, KRLA2, POSE, CETE5, DEPI, SIAL2, BRTE, DEIN5",05/14/2024 15:55:58.971,mcarlsberg2,05/30/2024 19:22:32.797,nredecker2,"LAOC3, KRLA2, POSE, CETE5, DEPI, SIAL2, BRTE, DEIN5",-116.3298591,43.1930545
63,2a6c15ba-9bd4-4209-bbfc-4903bfc976b1,ID,SD-012,ID_SHFO_LUP_2023_SD-012_V2,ID_SHFO_LUP_2023,IDT03,01,5/8/2024 18:00,2024-05-08,Grace Stavich,Grace Stavich,,,,Spoke,,circle,2827.43,30,,,Yes,17,"AG01003, PF01014","CETE5, BRTE, AGCR, POBU, LOFO, POSE, SPMU2, ASPU9, CHDO, CHJU, ALDE, PHHA, MACA2, ERPU2, ASCA12, ARTRT, DRVE2, LIPU11, CHVI8, TRDU, ZIVE, LOTR2, CROC, AGXXXX, PFXXXX, ANDI2, MIGR, ERNA10, LAGL5",05/14/2024 19:58:42.350,noahduncanreid7,05/30/2024 19:22:33.857,nredecker2,"CETE5, BRTE, AGCR, POBU, LOFO, POSE, SPMU2, ASPU9, CHDO, CHJU, ALDE, PHHA, MACA2, ERPU2, ASCA12, ARTRT, DRVE2, LIPU11, CHVI8, TRDU, ZIVE, LOTR2, CROC, AGXXXX, PFXXXX, ANDI2, MIGR, ERNA10, LAGL5",-114.0155769,43.13728798
64,e346d5ca-48e7-4011-919b-f9fe665779d7,ID,SD-019,ID_SHFO_LUP_2023_SD-019_V2,ID_SHFO_LUP_2023,IDT03,01,5/9/2024 18:00,2024-05-09,Grace Stavich,Grace Stavich,,,,Spoke,,circle,2827.43,30,,,Yes,18,"AF01007, PF01015, PF01016","AGCR, POSE, CHDO, SPMU2, CHJU, BRTE, SIAL2, AFXXXX, PFXXXX, CHVI8, ERCA2, DRVE2, ALDE, PFXXXX, ELEL5, LASE, ACMI2, VETH, ERPU2, TRDU, PSSP6, ARTRW8, MIGR, GYNU, MACA2, POPR",05/14/2024 19:58:44.332,noahduncanreid7,05/30/2024 19:22:35.089,nredecker2,"AGCR, POSE, CHDO, SPMU2, CHJU, BRTE, SIAL2, AFXXXX, PFXXXX, CHVI8, ERCA2, DRVE2, ALDE, PFXXXX, ELEL5, LASE, ACMI2, VETH, ERPU2, TRDU, PSSP6, ARTRW8, MIGR, GYNU, MACA2, POPR",-114.092136,43.03346077
65,70580ba3-1676-415f-a828-f35c03f8881d,ID,BSWD-NR-002,ID_SHFO_LUP_2023_BSWD-NR-002_V1,ID_SHFO_LUP_2023,IDT03,01,5/10/2024 18:00,2024-05-10,Grace Stavich,Grace Stavich,,,,Spoke,,circle,2827.43,30,,,Yes,15,"PF01019, PF01020, AF01008, PF01021","LEPE2, PSSP6, AGCR, SIAL2, CHJU, BRTE, POSE, PFXXXX, POBU, PFXXXX, SPMU2, AFXXXX, PFXXXX, ELEL5, ZIVE, BAHO, CHTE2, CHVI8, CETE5",05/14/2024 19:58:46.655,noahduncanreid7,05/30/2024 19:22:36.278,nredecker2,"LEPE2, PSSP6, AGCR, SIAL2, CHJU, BRTE, POSE, PFXXXX, POBU, PFXXXX, SPMU2, AFXXXX, PFXXXX, ELEL5, ZIVE, BAHO, CHTE2, CHVI8, CETE5",-114.0846539,42.76862655
66,efb0ce70-61f8-49c7-b2d3-85996d086b98,ID,BSWD-NR-001,ID_SHFO_LUP_2023_BSWD-NR-001_V1,ID_SHFO_LUP_2023,IDT03,01,5/11/2024 18:00,2024-05-11,Noah Duncan Reid,Noah Duncan Reid,Noah Duncan Reid,Noah Duncan Reid,,Spoke,,circle,2827.43,30,,,Yes,30,AF01009,"ARTRT, CHVI8, POSE, ALDE, BRTE, AFXXXX, SIAL2, TRDU, AGCR, ANDI2, ERPU2, PHLO2, LOFO, COPA3, ERCI6, LASE, MISU2, ELEL5, DRVE2",05/14/2024 19:58:48.617,noahduncanreid7,05/30/2024 19:22:37.472,nredecker2,"ARTRT, CHVI8, POSE, ALDE, BRTE, AFXXXX, SIAL2, TRDU, AGCR, ANDI2, ERPU2, PHLO2, LOFO, COPA3, ERCI6, LASE, MISU2, ELEL5, DRVE2",-113.7630555,42.88218355
67,93234c98-677b-4b1d-805c-83d184d163be,ID,BSWD-009,ID_SHFO_LUP_2023_BSWD-009_V2,ID_SHFO_LUP_2023,IDT03,01,5/11/2024 18:00,2024-05-11,Grace Stavich,Grace Stavich,,,,Spoke,,circle,2827.43,30,,,Yes,18,"AF01010, PF01022","BRTE, POSE, ALDE, DRVE2, MACA2, ERPU2, SIAL2, ARTRT, CHDO, PHLO2, AFXXXX, SPMU2, PFXXXX, LITE4, CHTE2, CHVI8, LASE, CETE5, POBU, TRDU, HOUM, ERCA2, ERNA10, GUSA2, MISU2, MIGR",05/14/2024 19:58:50.784,noahduncanreid7,09/04/2024 20:42:28.881,noahduncanreid7,"BRTE, POSE, ALDE, DRVE2, MACA2, ERPU2, SIAL2, ARTRT, CHDO, PHLO2, AFXXXX, SPMU2, PFXXXX, LITE4, CHTE2, CHVI8, LASE, CETE5, POBU, TRDU, HOUM, ERCA2, ERNA10, GUSA2, MISU2, MIGR",-113.6458152,42.88517283
68,78ba64c5-c6d1-4207-8d1d-1b282ac67a08,ID,NAT-048,ID_BUFO_LUP_2021_NAT-048_V1,ID_BUFO_LUP_2021,IDT02,01,5/12/2024 18:00,2024-05-12,Grace Stavich,Grace Stavich,,,,Spoke,,circle,2827.43,30,,,Yes,17,"AF01011, PF01023, PF01024, AG01004","BRTE, ALDE, AGCR, POSE, DRVE2, TRDU, HOUM, LASE, AFXXXX, SIAL2, CETE5, SATR12, CHVI8, PHLO2, ARTRT, LOFO, ERNA10, PFXXXX, OPPO, GUSA2, SPMU2, POBU, MACA2, PFXXXX, ERCA2, AGXXXX, MIGR, LITE4",05/14/2024 19:58:52.981,noahduncanreid7,05/30/2024 19:22:39.817,nredecker2,"BRTE, ALDE, AGCR, POSE, DRVE2, TRDU, HOUM, LASE, AFXXXX, SIAL2, CETE5, SATR12, CHVI8, PHLO2, ARTRT, LOFO, ERNA10, PFXXXX, OPPO, GUSA2, SPMU2, POBU, MACA2, PFXXXX, ERCA2, AGXXXX, MIGR, LITE4",-113.5060084,42.91893876
69,8b394b10-c64f-40db-bf66-180ad6607e05,ID,NAT-050,ID_BUFO_LUP_2021_NAT-050_V1,ID_BUFO_LUP_2021,IDT02,01,5/13/2024 18:00,2024-05-13,Grace Stavich,Grace Stavich,Grace Stavich,Grace Stavich,,Spoke,,circle,2827.43,30,,,Yes,21,"AG01005, AF01013, PF01025, PF01026","BRTE, POSE, HOUM, DRVE2, COPA3, PHLO2, ARTR4, ARTRW8, SIAL2, ASPU9, ALDE, CHVI8, LASE, AGCR, TRDU, CETE5, SPMU2, LOSI2, LOFO, LITE4, MIGR, AGXXXX, MACA2, LEPE2, AFXXXX, GUSA2, PFXXXX, ERNA10, ASMI9, PFXXXX, PHHO, ERPU2, CHDO, LOMA3, POBU, CHJU",05/14/2024 19:58:55.199,noahduncanreid7,05/30/2024 19:22:41.001,nredecker2,"BRTE, POSE, HOUM, DRVE2, COPA3, PHLO2, ARTR4, ARTRW8, SIAL2, ASPU9, ALDE, CHVI8, LASE, AGCR, TRDU, CETE5, SPMU2, LOSI2, LOFO, LITE4, MIGR, AGXXXX, MACA2, LEPE2, AFXXXX, GUSA2, PFXXXX, ERNA10, ASMI9, PFXXXX, PHHO, ERPU2, CHDO, LOMA3, POBU, CHJU",-113.387281,42.82092834
70,3292b7a0-e50c-4526-8252-afadf5b741c4,ID,LSCM-007,ID_SHFO_LUP_2023_LSCM-007_V2,ID_SHFO_LUP_2023,IDT03,01,5/13/2024 18:00,2024-05-13,Grace Stavich,Grace Stavich,Grace Stavich,Grace Stavich,,Spoke,,circle,2827.43,30,,,Yes,19,"PF01027, PF01028, AF01014","POSE, PHHA, BRTE, PFXXXX, PSSP6, CHDO, SPMU2, SIAL2, ASLE8, ELEL5, ERCA2, CAFI, AGCR, MACA2, TECA2, PFXXXX, LECI4, AFXXXX, DRVE2, CETE5, ALDE, ARTR4, ERPU2, POPR, PHLO2, ACMI2, ARHO2, CHJU",05/14/2024 19:58:57.730,noahduncanreid7,05/30/2024 19:22:42.053,nredecker2,"POSE, PHHA, BRTE, PFXXXX, PSSP6, CHDO, SPMU2, SIAL2, ASLE8, ELEL5, ERCA2, CAFI, AGCR, MACA2, TECA2, PFXXXX, LECI4, AFXXXX, DRVE2, CETE5, ALDE, ARTR4, ERPU2, POPR, PHLO2, ACMI2, ARHO2, CHJU",-114.0221386,43.22312517
71,4f8a91dd-43cb-44ef-b47e-04c83bf88e6e,ID,BSWD-011,ID_SHFO_LUP_2023_BSWD-011_V2,ID_SHFO_LUP_2023,IDT03,01,5/9/2024 18:00,2024-05-09,Noah Duncan Reid,Noah Duncan Reid,,,,Spoke,,circle,2827.43,30,,,Yes,21,"PF01018, PF01017","AGCR, ALDE, POSE, SIAL2, DRVE2, BRTE, CHVI8, CHDO, PHLO2, ARTRT, TRDU, VIBE2, PSSP6, PFXXXX, ACMI2, LEPE2, LOFO, CETE5, ANDI2, MIGR, PFXXXX, POBU, CHJU",05/14/2024 20:24:46.377,noahduncanreid7,05/30/2024 19:22:43.212,nredecker2,"AGCR, ALDE, POSE, SIAL2, DRVE2, BRTE, CHVI8, CHDO, PHLO2, ARTRT, TRDU, VIBE2, PSSP6, PFXXXX, ACMI2, LEPE2, LOFO, CETE5, ANDI2, MIGR, PFXXXX, POBU, CHJU",-114.2600362,42.93446362
72,0cc9579b-9584-47d0-a147-90294713c731,ID,06238-02-U103,ID_SAFO_GRSG_2024_06238-02-U103_V2,ID_SalmonFO_ModHAF_2024,IDI04,30,5/15/2024 18:00,2024-05-15,Reina Watkins,Reina Watkins,,,,Spoke,,circle,2827.43,30,,,Yes,27,,"ARTRW8, PSSP6, POSE, PHHO, PHLO2, STAC, ARHO2, LOFO, ASMI9, IOAL, ASPU9, ERNA10, LIPU11, ERPU2, ERCO4, EROV, CHVI8, SELA, LERE7, PESI, NOTR2, COPA3, TAOF, CAAN7, CRMO4, CRCE, ARTR4, ANDI2, PEHU, ARFR4, DRAL4, ARNO4, CRAC2",05/23/2024 15:56:15.374,rlwatkins@blm.gov_BLM_EGIS,05/30/2024 19:22:44.347,nredecker2,"ARTRW8, PSSP6, POSE, PHHO, PHLO2, STAC, ARHO2, LOFO, ASMI9, IOAL, ASPU9, ERNA10, LIPU11, ERPU2, ERCO4, EROV, CHVI8, SELA, LERE7, PESI, NOTR2, COPA3, TAOF, CAAN7, CRMO4, CRCE, ARTR4, ANDI2, PEHU, ARFR4, DRAL4, ARNO4, CRAC2",-113.4822774,44.79129415
73,bb57086a-1a02-4315-aca8-08ad1bb63c00,ID,06238-01-U101,ID_SAFO_GRSG_2024_06238-01-U101_V2,ID_SalmonFO_ModHAF_2024,IDI04,30,5/15/2024 18:00,2024-05-15,Vicki Van Sickle,Vicki Van Sickle,,,,Spoke,,circle,2827.43,30,,,Yes,24,,"PHHO, ARTRW8, ARFR4, HECO26, ELEL5, POSE, PESI, OPPO, KRLA2, LERE7, PSSP6, SAVE4, IOAL, ERNA10, PEHU, CRCE",05/23/2024 15:56:17.126,rlwatkins@blm.gov_BLM_EGIS,05/30/2024 19:22:45.673,nredecker2,"PHHO, ARTRW8, ARFR4, HECO26, ELEL5, POSE, PESI, OPPO, KRLA2, LERE7, PSSP6, SAVE4, IOAL, ERNA10, PEHU, CRCE",-113.5006642,44.77538364
74,b589c1bb-20c3-4787-b7d6-c06207470d84,ID,06240-01-U101,ID_SAFO_GRSG_2024_06240-01-U101_V2,ID_SalmonFO_ModHAF_2024,IDI04,30,5/16/2024 18:00,2024-05-16,Reina Watkins,Reina Watkins,,,,Spoke,,circle,2827.43,30,,,Yes,25,"AF30002, AF30001, PF30001","ARTRW8, SPAR2, POSE, PSSP6, HECO26, PHHO, ARFR4, OPPO, CRCE, ERCO4, LERE7, ERMI4, ATCO, PESI, DROL, ERPU2, ANDI2, CHVI8, TAOF, PEPU12, ALTE, LAOC3, MACA2, CADU6, ERNA10, KRLA2, AFXXXX, AFXXXX, PFXXXX",05/23/2024 15:56:18.997,rlwatkins@blm.gov_BLM_EGIS,05/30/2024 19:22:46.823,nredecker2,"ARTRW8, SPAR2, POSE, PSSP6, HECO26, PHHO, ARFR4, OPPO, CRCE, ERCO4, LERE7, ERMI4, ATCO, PESI, DROL, ERPU2, ANDI2, CHVI8, TAOF, PEPU12, ALTE, LAOC3, MACA2, CADU6, ERNA10, KRLA2, AFXXXX, AFXXXX, PFXXXX",-113.3896924,44.71697219
82,49fa343b-5030-40d9-a333-b154f7805cb7,ID,BSWD2023-023,ID_JFO_LUP_2023_BSWD2023-023_V2,ID_JFO_LUP_2023,IDT01,12,5/23/2024 18:00,2024-05-23,Sean Bishop,Sean Bishop,,,,Spoke,,circle,2827.43,30,,,Yes,15,PF12013,"SIAL2, BRTE, HOUM, CHJU, AGCR, TRDU, CETE5, POSE, DEAN, DESO2, PFXXXX",05/25/2024 00:25:12.895,sean.bishop,05/30/2024 19:22:48.013,nredecker2,"SIAL2, BRTE, HOUM, CHJU, AGCR, TRDU, CETE5, POSE, DEAN, DESO2, PFXXXX",-115.4455438,42.55814371
83,297710e0-84ac-44f8-bb96-7bcfcd240f70,ID,FRFO2024-FTHL-008,ID_FRFO_LUP_2024_FRFO2024-FTHL-008_V1,ID_FRFO_LUP_2024,IDB01,12,5/24/2024 18:00,2024-05-24,Sean Bishop,Sean Bishop,,,,Spoke,,circle,2827.43,30,,,Yes,15,PF12014,"CHJU, POSE, ELEL5, POBU, VIBE2, TACA8, CROC, AGCR, ERCI6, ANDI2, PFXXXX, BRTE, ASPU9",05/25/2024 00:25:14.365,sean.bishop,05/30/2024 19:22:49.095,nredecker2,"CHJU, POSE, ELEL5, POBU, VIBE2, TACA8, CROC, AGCR, ERCI6, ANDI2, PFXXXX, BRTE, ASPU9",-115.622244,43.24065147
84,a98adb40-e9c3-4152-b47b-5e33d9e2fe07,ID,FRFO2024-PLNS-073,ID_FRFO_LUP_2024_FRFO2024-PLNS-073_V1,ID_FRFO_LUP_2024,IDB01,12,5/23/2024 18:00,2024-05-23,Jordan Rodriguez,Jordan Rodriguez,,,,Spoke,,circle,2827.43,30,,,Yes,15,,"LEPE2, SIAL2, DEPI, POSE, BRTE, CETE5, SATR12",05/27/2024 13:23:02.469,jordantylerrodriguez,05/30/2024 19:22:50.271,nredecker2,"LEPE2, SIAL2, DEPI, POSE, BRTE, CETE5, SATR12",-115.9001259,43.08292783
85,b635c513-e6af-475e-a19f-9b1903e4ef2a,ID,FRFO2024-PLNS-075,ID_FRFO_LUP_2024_FRFO2024-PLNS-075_V1,ID_FRFO_LUP_2024,IDB01,12,5/24/2024 18:00,2024-05-24,Jordan Rodriguez,Jordan Rodriguez,,,,Spoke,,circle,2827.43,30,,,Yes,19,PF12015,"BRTE, SIAL2, DEPI, POBU, POSE, LEPE2, PSSP6, LASE, ERCI6, AGCR, TRDU, ELEL5, AMTE3, LECI4, PFXXXX, HOUM, DRVE2",05/27/2024 13:23:04.071,jordantylerrodriguez,05/30/2024 19:22:51.427,nredecker2,"BRTE, SIAL2, DEPI, POBU, POSE, LEPE2, PSSP6, LASE, ERCI6, AGCR, TRDU, ELEL5, AMTE3, LECI4, PFXXXX, HOUM, DRVE2",-116.4531692,43.43104217
86,5b9cdfb9-a888-42f8-8fdf-5d049d38728e,ID,FRFO2024-NR-PLNS-081,ID_FRFO_LUP_2024_FRFO2024-NR-PLNS-081_V1,ID_FRFO_LUP_2024,IDB01,02,5/22/2024 18:00,2024-05-22,Makena Carlsberg,Makena Carlsberg,Makena Carlsberg,Makena Carlsberg,,Spoke,,circle,2827.43,30,,,Yes,15,"PF02007, PF02008","PSSP6, BRTE, CHJU, ERCI6, DEIN5, SIAL2, POSE, ASBE3, LEPE2, ELEL5, PFXXXX, PFXXXX",05/27/2024 17:52:57.802,mcarlsberg2,05/30/2024 19:22:52.763,nredecker2,"PSSP6, BRTE, CHJU, ERCI6, DEIN5, SIAL2, POSE, ASBE3, LEPE2, ELEL5, PFXXXX, PFXXXX",-116.526306,43.77768858
87,923750cd-74e2-4dda-bd69-75ada6054150,ID,FRFO2024-PLNS-076,ID_FRFO_LUP_2024_FRFO2024-PLNS-076_V1,ID_FRFO_LUP_2024,IDB01,02,5/22/2024 18:00,2024-05-22,Makena Carlsberg,Makena Carlsberg,Makena Carlsberg,Makena Carlsberg,,Spoke,,circle,2827.43,30,,,Yes,20,,"GARA, ARTRW8, POSE, PSSP6, CRAC2, ANDI2, ASPU9, ACHY, PUTR2, ELEL5, LIPA5, CETE5",05/27/2024 17:52:59.415,mcarlsberg2,05/30/2024 19:22:54.149,nredecker2,"GARA, ARTRW8, POSE, PSSP6, CRAC2, ANDI2, ASPU9, ACHY, PUTR2, ELEL5, LIPA5, CETE5",-115.3432083,43.10329857
88,70e1da93-a74c-4ea5-a1a9-f9505b20e056,ID,Black-NR-003,ID_BFO_LUP_2022_Black-NR-003_V1,ID_BFO_LUP_2022,IDB02,02,5/23/2024 18:00,2024-05-23,Makena Carlsberg,Makena Carlsberg,Makena Carlsberg,Makena Carlsberg,,Spoke,,circle,2827.43,30,,,Yes,20,,"BRTE, ATCO, DEIN5, ELEL5, POSE, ARFR4, SPCO, ARAR8, DEPI, ACHY, OPPO, PESI, ERPU2, PSSP6",05/27/2024 17:53:00.806,mcarlsberg2,05/30/2024 19:22:55.342,nredecker2,"BRTE, ATCO, DEIN5, ELEL5, POSE, ARFR4, SPCO, ARAR8, DEPI, ACHY, OPPO, PESI, ERPU2, PSSP6",-116.0147896,42.65448546
89,1f98f1c0-13b3-4d5d-aea2-bb60ddad5aed,ID,FRFO2024-PLNS-077,ID_FRFO_LUP_2024_FRFO2024-PLNS-077_V1,ID_FRFO_LUP_2024,IDB01,02,5/24/2024 18:00,2024-05-24,Makena Carlsberg,Makena Carlsberg,Makena Carlsberg,Makena Carlsberg,BRTE dominated plot.,Spoke,,circle,2827.43,30,,,Yes,20,AF02001,"BRTE, DEIN5, AGCR, SIAL2, POSE, ARTRV, ELEL5, CETE5, TRDU, GARA, AFXXXX",05/27/2024 17:53:02.303,mcarlsberg2,05/30/2024 19:22:56.461,nredecker2,"BRTE, DEIN5, AGCR, SIAL2, POSE, ARTRV, ELEL5, CETE5, TRDU, GARA, AFXXXX",-115.8458839,43.20379302
90,bea7b7f8-97e3-48b9-a442-daa2e0bfbb29,ID,FRFO2024-PLNS-079,ID_FRFO_LUP_2024_FRFO2024-PLNS-079_V1,ID_FRFO_LUP_2024,IDB01,02,5/24/2024 18:00,2024-05-24,Makena Carlsberg,Makena Carlsberg,Makena Carlsberg,Makena Carlsberg,,Spoke,,circle,2827.43,30,,,Yes,20,"PF02009, SH02002","SIAL2, ELEL5, POSE, DEIN5, CETE5, ARTRT, LASE, BRTE, LEPE2, DEPI, PFXXXX, SHXXXX, LAOC3",05/27/2024 17:53:04.015,mcarlsberg2,05/30/2024 19:22:57.490,nredecker2,"SIAL2, ELEL5, POSE, DEIN5, CETE5, ARTRT, LASE, BRTE, LEPE2, DEPI, PFXXXX, SHXXXX, LAOC3",-116.2073679,43.21213745
91,f58c240b-163a-4781-ae40-cc5527ede551,ID,SD-2022-NR-005,ID_OFO_LUP_2022_SD-2022-NR-005_V1,ID_OFO_LUP_2022,IDB03,02,5/25/2024 18:00,2024-05-25,Makena Carlsberg,Makena Carlsberg,Makena Carlsberg,Makena Carlsberg,,Spoke,,circle,2827.43,30,,,Yes,30,AF02003,"ARTRT, PSSP6, BRTE, COUM, PUTR2, GARA, AMME, PHHA, LAOC3, ERCI6, PHLO2, ERNA10, ELEL5, POSE, ACNE9, CHVI8, PRVI, LUPO2, ASFI, SCAN3, RIAU, LECI4, POBU, BASA3, TRDU, ACMI2, EROV, TRGR7, DEIN5, PLMA4, AFXXXX, LIRU4",05/27/2024 17:53:05.569,mcarlsberg2,05/30/2024 19:22:58.561,nredecker2,"ARTRT, PSSP6, BRTE, COUM, PUTR2, GARA, AMME, PHHA, LAOC3, ERCI6, PHLO2, ERNA10, ELEL5, POSE, ACNE9, CHVI8, PRVI, LUPO2, ASFI, SCAN3, RIAU, LECI4, POBU, BASA3, TRDU, ACMI2, EROV, TRGR7, DEIN5, PLMA4, AFXXXX, LIRU4",-116.7855079,43.19567714
92,2c245c4d-43f6-4d05-b7a0-0a6f59368820,ID,BasinCM-2022-009,ID_OFO_LUP_2022_BasinCM-2022-009_V1,ID_OFO_LUP_2022,IDB03,02,5/25/2024 18:00,2024-05-25,Makena Carlsberg,Makena Carlsberg,Makena Carlsberg,Makena Carlsberg,,Spoke,,circle,2827.43,30,,,Yes,25,"PF02010, SH02004","AMME, PUTR2, BRTE, ERCI6, GARA, ARTRT, LASE, DEIN5, GAAP2, ERRE4, LECI4, PSSP6, POBU, POSE, ELEL5, ALAC4, PHLO2, PFXXXX, SHXXXX, TRDU",05/27/2024 17:53:07.116,mcarlsberg2,05/30/2024 19:22:59.795,nredecker2,"AMME, PUTR2, BRTE, ERCI6, GARA, ARTRT, LASE, DEIN5, GAAP2, ERRE4, LECI4, PSSP6, POBU, POSE, ELEL5, ALAC4, PHLO2, PFXXXX, SHXXXX, TRDU",-116.7937749,43.22227755
93,eec8ab73-de7b-4853-9758-efbd7a459c79,ID,FRFO2024-PLNS-066,ID_FRFO_LUP_2024_FRFO2024-PLNS-066_V1,ID_FRFO_LUP_2024,IDB01,03,5/22/2024 18:00,2024-05-22,Spencer Shaw,Spencer Shaw,,,,Spoke,,circle,2827.43,30,,,Yes,45,"AF03005, AF03006","BRTE, POSE, POBU, TACA8, LECI4, ERCI6, SIAL2, HEAN3, AMLY, CETE5, SPMU2, ACMI2, AFXXXX, AFXXXX, PSSP6, CICA6, EPBR3",05/28/2024 20:02:54.205,spencercshaw12,05/30/2024 19:23:01.152,nredecker2,"BRTE, POSE, POBU, TACA8, LECI4, ERCI6, SIAL2, HEAN3, AMLY, CETE5, SPMU2, ACMI2, AFXXXX, AFXXXX, PSSP6, CICA6, EPBR3",-116.5731412,43.782608
94,bb38425a-afa4-4bd0-8fcb-0bc37edc6695,ID,FRFO2024-NR-PLNS-083,ID_FRFO_LUP_2024_FRFO2024-NR-PLNS-083_V1,ID_FRFO_LUP_2024,IDB01,03,5/23/2024 18:00,2024-05-23,Spencer Shaw,Spencer Shaw,,,,Spoke,,circle,2827.43,30,,,Yes,30,,"BRTE, POSE, ERCI6, HECO26, SIAL2, LECI4, VUMY, HEAN3, MACA2, EPBR3, AMLY, SPMU2, SATR12, DRVE2, CETE5, PSSP6",05/28/2024 20:02:56.025,spencercshaw12,05/30/2024 19:23:02.185,nredecker2,"BRTE, POSE, ERCI6, HECO26, SIAL2, LECI4, VUMY, HEAN3, MACA2, EPBR3, AMLY, SPMU2, SATR12, DRVE2, CETE5, PSSP6",-116.6698232,43.85753522
95,355532cb-82c7-4893-85af-34440a7255ae,ID,FRFO2024-NR-FTHL-002,ID_FRFO_LUP_2024_FRFO2024-NR-FTHL-002_V1,ID_FRFO_LUP_2024,IDB01,03,5/25/2024 18:00,2024-05-25,Spencer Shaw,Spencer Shaw,,,,Spoke,,circle,2827.43,30,,,Yes,60,"PF03035, PF03036, AF03010, SH03002","BRTE, POSE, POBU, TRMA3, LOGR, ELEL5, BAHO, SIAL2, LONU2, BASA3, LASE, TRDU, LEPE2, DRVE2, ARTRW8, PEDE4, ALAC4, ERHE2, LOAM, PSSP6, ACMI2, HEMA80, PHHE2, EPBR3, CRAC2, ROWO, PFXXXX, PFXXXX, AFXXXX, SHXXXX, MIGR",05/28/2024 20:02:57.885,spencercshaw12,05/30/2024 19:23:03.161,nredecker2,"BRTE, POSE, POBU, TRMA3, LOGR, ELEL5, BAHO, SIAL2, LONU2, BASA3, LASE, TRDU, LEPE2, DRVE2, ARTRW8, PEDE4, ALAC4, ERHE2, LOAM, PSSP6, ACMI2, HEMA80, PHHE2, EPBR3, CRAC2, ROWO, PFXXXX, PFXXXX, AFXXXX, SHXXXX, MIGR",-116.8404846,44.44456092
142,0b7d2742-243a-4ec6-bc72-1d7a3e70bf8e,ID,06236-08-U105,ID_SAFO_GRSG_2024_06236-08-U105_V2,ID_SalmonFO_ModHAF_2024,IDI04,30,5/21/2024 18:00,2024-05-21,Hannah Alverson,Hannah Alverson,,,Still early in the season many forbs are not in full bloom yet,Spoke,,circle,2827.43,30,,,Yes,23,"PG30001, PG30002, PF30002, PF30003, PF30004",,06/04/2024 23:11:02.438,nredecker2,06/04/2024 23:11:02.438,nredecker2,,-113.5441122,44.86399724
143,c81362be-8ce2-4998-8797-35986ba0f055,ID,06205-03-U001,ID_SAFO_GRSG_2024_06205-03-U001_V2,ID_SalmonFO_ModHAF_2024,IDI04,30,6/6/2024 18:00,2024-06-06,Hannah Branz,Hannah Branz,,,,Spoke,,circle,2827.43,30,,,Yes,15,,,06/07/2024 15:59:17.116,smorelli@blm.gov_BLM_EGIS,06/07/2024 15:59:17.116,smorelli@blm.gov_BLM_EGIS,,-113.7037312,44.86039378
144,0035242f-341a-4281-bfd2-e5cd8b76d8a0,ID,06237-01-U103,ID_SAFO_GRSG_2024_06237-01-U103_V2,ID_SalmonFO_ModHAF_2024,IDI04,30,5/14/2024 18:00,2024-05-14,Vicki Van Sickle,Sara Morelli,,,,Spoke,,circle,2827.43,30,,,Yes,15,,"ARTRW8, POSE, ELEL5, HECOC8, PSSP6, PHHO, ERPU2, ASPU9, ARHO2, PESI, BAAM4, PEHU, ACHY, KRLA2, CHVI8, ARFR4, OPPO, ERCO4, CRCE",06/10/2024 15:46:38.995,vvansickle@blm.gov_BLM_EGIS,06/10/2024 15:46:38.995,vvansickle@blm.gov_BLM_EGIS,,-113.5539834,44.81453523
145,f83bdb03-3619-48a6-9442-9a9037a3b566,ID,06236-02-U103,ID_SAFO_GRSG_2024_06236-02-U103_V2,ID_SalmonFO_ModHAF_2024,IDI04,30,5/14/2024 18:00,2024-05-14,Reina Watkins,Sara Morelli,,,,Spoke,,circle,2827.43,30,,,Yes,16,,"ARTRW8, POSE, PSSP6, PHHO, HECO26, EROV, PESI, ERCO4, ERMI4, IOAL, PHLO2, ERNA10, CHVI8, ANDI2, LERE7, ASPU9, SELA, STAC, CAAN7, ORFA, CRCE, OPPO, ERPU2, KRLA2",06/10/2024 15:46:40.792,vvansickle@blm.gov_BLM_EGIS,06/10/2024 15:46:40.792,vvansickle@blm.gov_BLM_EGIS,,-113.550527,44.82488863
146,feae6338-55f0-480d-be36-9aa4e7f9356a,ID,06239-01-U102,ID_SAFO_GRSG_2024_06239-01-U102_V2,ID_SalmonFO_Fuels_2024,IDI04,30,5/16/2024 18:00,2024-05-16,Vicki Van Sickle,Vicki Van Sickle,,,,Spoke,,circle,2827.43,30,,,Yes,30,,"HECO26, ARFR4, POSE, ARTRW8, OPPO, PHHO, ERPU2, PSSP6, CADU6, SPAR2, KRLA2, PEAR2, CHVI8, PESI, ARHO2, ERLI, ACHY, ELEL5, CYAC, PEHU",06/10/2024 15:46:42.893,vvansickle@blm.gov_BLM_EGIS,06/10/2024 15:46:42.893,vvansickle@blm.gov_BLM_EGIS,,-113.4829957,44.7703392
147,df92a76c-055d-4fb9-ae8a-539c0e9f333a,ID,06205-06-U001,ID_SAFO_GRSG_2024_06205-06-U001_V2,ID_SalmonFO_ModHAF_2024,IDI04,30,5/30/2024 18:00,2024-05-30,Pat Baker,Vicki Van Sickle,,,,Spoke,,circle,2827.43,30,,,Yes,21,PF30010,"ARTRV, PSSP6, POSE, LUWY, CHVI8, COPA3, BRTE, ARTR4, PFXXXX, TAOF, PEHU, IOAL, CYAC, POGL9, PHLO2, ACMI2, NOTR2, ALTE, ASMI9, ARKI, ARHO2, ERPU2, CESTM, DAUN, PEAR2, ASAT2, STAC, CAAN7, LOFO, ANMI3, ERCO4, ASPU9, ANDI2, CRMO4, SEIN2, GETR",06/10/2024 15:46:45.717,vvansickle@blm.gov_BLM_EGIS,06/10/2024 15:46:45.717,vvansickle@blm.gov_BLM_EGIS,,-113.7792012,44.84184818
148,2f132949-8819-421b-b550-fe13a160205f,ID,06236-04-U103,ID_SAFO_GRSG_2024_06236-04-U103_V2,ID_SalmonFO_ModHAF_2024,IDI04,30,6/6/2024 18:00,2024-06-06,Vicki Van Sickle,Vicki Van Sickle,,,,Spoke,,circle,2827.43,30,,,Yes,23,"PF30005, PF30006","PFXXXX, SEIN2, DAUN, POSE, BAHO, ARTR4, ANMI3, ASMI9, PSSP6, CAEU, AGGLD, PFXXXX, KOMA, TRDU, ARHO2, FEID, MIGR, HEUN, CAFL7, PHLO2, ARSO2, COLI2, LUWY, ACMI2, MYST2, DEBI, DRNE, DRVE2, CIUN, CHVI8, CYAC, POGR9, ERUM",06/10/2024 15:46:48.098,vvansickle@blm.gov_BLM_EGIS,06/10/2024 15:46:48.098,vvansickle@blm.gov_BLM_EGIS,,-113.5507431,44.89380955
149,3d375b0f-9109-4562-9c56-3a14f2721d67,ID,04S04E27,ID_FRFO_TRGT_Trend_2024_04S04E27_V2,ID_FRFO_AIMTrend_2024,IDB01,16,6/6/2024 18:00,2024-06-06,Karsyn Preble,Adam Sigwing,,,,Spoke,,circle,2827.43,30,,,Yes,5,,,06/10/2024 16:27:09.525,jsigwing@blm.gov_BLM_EGIS,06/10/2024 16:27:09.525,jsigwing@blm.gov_BLM_EGIS,,-115.9635606,43.05409844
150,6ab13b80-23e2-45ad-8061-6d960f1964fd,ID,NAT-NR-027,ID_BUFO_LUP_2021_NAT-NR-027_V1,ID_BUFO_LUP_2021,IDT02,03,6/5/2024 18:00,2024-06-05,Spencer Shaw,Spencer Shaw,,,,Spoke,,circle,2827.43,30,,,Yes,60,"PF03040, PF03041, SH03003",,06/10/2024 17:40:39.999,spencercshaw12,06/10/2024 17:40:39.999,spencercshaw12,"CHVI8, POSE, TRDU, HECO26, CRAC2, LONU2, PHLO2, BAHO, MIGR, ELEL5, ACMI2, BRTE, EPBR3, CHTE2, ZIVE, LECI4, ALAC4, DENU2, ARTRT, LIPU11, LOAM, NOTR2, LUAR6, EROV, SEIN2, OPPO, TAOF, LOFO, LILE3, LIRU4, CISU, IOAL, ARHO2, ASBE3, LUCA, COLI2, PFXXXX, PFXXXX, SHXXXX",-114.4495227,42.03280116
151,79579e58-c0f2-4883-bf22-f7d324a58e34,ID,SEED-112,ID_BUFO_LUP_2021_SEED-112_V2,ID_BUFO_LUP_2021,IDT02,03,6/5/2024 18:00,2024-06-05,Spencer Shaw,Spencer Shaw,,,,Spoke,,circle,2827.43,30,,,Yes,20,,,06/10/2024 17:40:41.865,spencercshaw12,06/10/2024 17:40:41.865,spencercshaw12,"AGCR, CHVI8, POSE, TRDU, ARTRW8, PHHO, TAOF, PHLO2, LOFO, LIPU11, CRAC2, ASPU9, OPPO, LUAR6, ERMI4, COUM, ANUM, ASFI, ALAC4, ARHO2, BRTE, HECO26",-114.5506178,42.01767123
152,eced8f3a-2988-4197-9446-4a2924e5bf0e,ID,SEED-108,ID_BUFO_LUP_2021_SEED-108_V2,ID_BUFO_LUP_2021,IDT02,03,6/6/2024 18:00,2024-06-06,Roger Morin,Roger Morin,,,,Spoke,,circle,2827.43,30,,,Yes,15,,,06/10/2024 17:40:43.589,spencercshaw12,06/10/2024 17:40:43.589,spencercshaw12,"ASPU9, DRVE2, MIGR, NOTR2, POSE, CHVI8, ARTRW8, TRDU, LEPE2, ASFI, LUAR6, PHLO2",-114.5668239,42.03419522
153,9806ab07-2f9e-48eb-8191-6acd535921d3,ID,NAT-044,ID_BUFO_LUP_2021_NAT-044_V1,ID_BUFO_LUP_2021,IDT02,03,6/6/2024 18:00,2024-06-06,Spencer Shaw,Spencer Shaw,,,,Spoke,,circle,2827.43,30,,,Yes,20,,,06/10/2024 17:40:45.437,spencercshaw12,06/10/2024 17:40:45.437,spencercshaw12,"ACNE9, BRTE, OPPO, PUTR2, FEID, POSE, ERNA10, SIAL2, PSSP6, ASFI, ELEL5, LIRU4, LAOCO, CISU, ARTRT, PHHA, LEPE2, CRAC2, AMUT, SYOR2, ERMI4, DRVE2",-114.6271755,42.0619873
154,2c349e4e-eec7-4268-9b01-2b783c6d468e,ID,NAT-NR-030,ID_BUFO_LUP_2021_NAT-NR-030_V1,ID_BUFO_LUP_2021,IDT02,03,6/7/2024 18:00,2024-06-07,Spencer Shaw,Spencer Shaw,,,,Spoke,,circle,2827.43,30,,,Yes,15,,,06/10/2024 17:40:47.294,spencercshaw12,06/10/2024 17:40:47.294,spencercshaw12,"ARTRW8, ELEL5, ALDE, PHLO2, POSE, BRTE, LEPE2, LAOCO, SIAL2, PHHO, LIPU11, CRAC2, ARHO2, PSSP6, ASPU9, OPPO, IOAL, DENU2, CETE5, TRDU",-114.6676979,42.02956306
