objectid,GlobalID,SpecRichDetailEvaluationID,RecKey,Select Plant Species,Was voucher specimen collected for this species?,Collection Number,UnknownCode,UnknownCodeKey,Species Abundance,ParentGlobalID,CreationDate,Creator,EditDate,Editor
16109,45efe86f-7316-441b-9cd6-95ef1d5380bf,NV-WND-TW-24029_2024-06-04,NV_01_CALIBRATION_2024-06-04_1,SCPU10,No,,,,1,f03778df-c978-4259-97c1-5c4ed5582fc6,8/19/2024 9:19:54 PM,mhamptonpdx,10/18/2024 4:05:01 PM,kmartin@blm.gov_BLM_EGIS
16110,327f7f7f-be5c-4d03-8cc8-fe8562ce4f78,NV-WND-TW-24029_2024-06-04,NV_01_CALIBRATION_2024-06-04_1,SAVE4,No,,,,1,f03778df-c978-4259-97c1-5c4ed5582fc6,8/19/2024 9:19:54 PM,mhamptonpdx,10/18/2024 4:05:03 PM,kmartin@blm.gov_BLM_EGIS
16111,c1575def-a5d2-41c9-991b-7657f1cfb1af,NV-WND-TW-24029_2024-06-04,NV_01_CALIBRATION_2024-06-04_1,ERNA10,No,,,,1,f03778df-c978-4259-97c1-5c4ed5582fc6,8/19/2024 9:19:54 PM,mhamptonpdx,10/18/2024 4:05:05 PM,kmartin@blm.gov_BLM_EGIS
16112,96e0e35f-b384-4508-8d20-30d69cfca6ee,NV-WND-TW-24029_2024-06-04,NV_01_CALIBRATION_2024-06-04_1,ELPA3,No,,,,1,f03778df-c978-4259-97c1-5c4ed5582fc6,8/19/2024 9:19:54 PM,mhamptonpdx,10/18/2024 4:05:07 PM,kmartin@blm.gov_BLM_EGIS
16113,5b6b63fe-167e-48ca-857d-32052b71307d,NV-WND-TW-24029_2024-06-04,NV_01_CALIBRATION_2024-06-04_1,JUARL,No,,,,1,f03778df-c978-4259-97c1-5c4ed5582fc6,8/19/2024 9:19:54 PM,mhamptonpdx,10/18/2024 4:05:09 PM,kmartin@blm.gov_BLM_EGIS
16114,5a604ac4-cb14-4d88-b4af-29900e926a12,NV-WND-TW-24029_2024-06-04,NV_01_CALIBRATION_2024-06-04_1,ELPA4,No,,,,1,f03778df-c978-4259-97c1-5c4ed5582fc6,8/19/2024 9:19:54 PM,mhamptonpdx,10/18/2024 4:05:11 PM,kmartin@blm.gov_BLM_EGIS
16115,8942db01-e081-47be-9048-b52ee15b4af5,NV-WND-TW-24029_2024-06-04,NV_01_CALIBRATION_2024-06-04_1,DISP,No,,,,1,f03778df-c978-4259-97c1-5c4ed5582fc6,8/19/2024 9:19:54 PM,mhamptonpdx,10/18/2024 4:05:12 PM,kmartin@blm.gov_BLM_EGIS
16116,f0f9cfca-fabe-4547-9a9d-6212443e1ec1,NV-WND-TW-24029_2024-06-04,NV_01_CALIBRATION_2024-06-04_1,LEPE2,No,,,,1,f03778df-c978-4259-97c1-5c4ed5582fc6,8/19/2024 9:19:54 PM,mhamptonpdx,10/18/2024 4:05:14 PM,kmartin@blm.gov_BLM_EGIS
16117,be1fa70c-b71d-4313-a16a-3bedcc0ff4d2,NV-WND-TW-24029_2024-06-04,NV_01_CALIBRATION_2024-06-04_1,ERTR13,No,,,,1,f03778df-c978-4259-97c1-5c4ed5582fc6,8/19/2024 9:19:54 PM,mhamptonpdx,10/18/2024 4:05:16 PM,kmartin@blm.gov_BLM_EGIS
16118,f600f6cf-a66f-43d0-8f6f-7bde97c21889,NV-WND-TW-24029_2024-06-04,NV_01_CALIBRATION_2024-06-04_1,BRTE,No,,,,1,f03778df-c978-4259-97c1-5c4ed5582fc6,8/19/2024 9:19:54 PM,mhamptonpdx,10/18/2024 4:05:18 PM,kmartin@blm.gov_BLM_EGIS
16119,c3785726-ceb0-42d3-a48b-e92b7f0b9a1e,NV-WND-TW-24029_2024-06-04,NV_01_CALIBRATION_2024-06-04_1,SPAI,No,,,,1,f03778df-c978-4259-97c1-5c4ed5582fc6,8/19/2024 9:19:54 PM,mhamptonpdx,10/18/2024 4:05:20 PM,kmartin@blm.gov_BLM_EGIS
16120,78d0e300-4a93-49b7-bd56-a09ac925933d,NV-WND-TW-24029_2024-06-04,NV_01_CALIBRATION_2024-06-04_1,BOMA7,No,,,,1,f03778df-c978-4259-97c1-5c4ed5582fc6,8/19/2024 9:19:54 PM,mhamptonpdx,10/18/2024 4:05:22 PM,kmartin@blm.gov_BLM_EGIS
16121,bb4d5af9-5966-4c44-9be1-1b7bd612fc2c,NV-WND-TW-24029_2024-06-04,NV_01_CALIBRATION_2024-06-04_1,HOJU,No,,,,1,f03778df-c978-4259-97c1-5c4ed5582fc6,8/19/2024 9:19:54 PM,mhamptonpdx,10/18/2024 4:05:24 PM,kmartin@blm.gov_BLM_EGIS
16122,061c5ff9-874e-41f1-8138-d9dc6f36d5a9,NV-WND-TW-24029_2024-06-04,NV_01_CALIBRATION_2024-06-04_1,POMO5,No,,,,1,f03778df-c978-4259-97c1-5c4ed5582fc6,8/19/2024 9:19:54 PM,mhamptonpdx,10/18/2024 4:05:26 PM,kmartin@blm.gov_BLM_EGIS
16123,b7a562d6-5373-4f69-8174-a11685876062,NV-WND-TW-24029_2024-06-04,NV_01_CALIBRATION_2024-06-04_1,AFXXXX,No,01,AF_01,NV-WND-TW-24029_2024-06-04_AF_01,1,f03778df-c978-4259-97c1-5c4ed5582fc6,8/19/2024 9:19:54 PM,mhamptonpdx,10/18/2024 4:05:27 PM,kmartin@blm.gov_BLM_EGIS
16124,30481062-2c00-4375-bf32-843f9e62751d,NV-WND-TW-24029_2024-06-04,NV_01_CALIBRATION_2024-06-04_1,POACEAXXXX,No,02,POACEA_02,NV-WND-TW-24029_2024-06-04_POACEA_02,1,f03778df-c978-4259-97c1-5c4ed5582fc6,8/19/2024 9:19:54 PM,mhamptonpdx,10/18/2024 4:05:29 PM,kmartin@blm.gov_BLM_EGIS
16125,da66dd37-bc6c-4432-ac27-1ead1c3555c2,NV-NCD-RW-23570_2024-08-03,NV_01_CALIBRATION_2024-08-19_1,POMO5,No,,,,1,28923a3b-a8de-4b3d-8f75-a1b8efd95134,8/19/2024 10:08:53 PM,mhamptonpdx,8/19/2024 10:08:53 PM,mhamptonpdx
16126,f2b07696-9e2b-4cc1-8079-c7cf7db19b33,NV-NCD-RW-23570_2024-08-03,NV_01_CALIBRATION_2024-08-19_1,POFR2,No,,,,1,28923a3b-a8de-4b3d-8f75-a1b8efd95134,8/19/2024 10:08:53 PM,mhamptonpdx,8/19/2024 10:08:53 PM,mhamptonpdx
16127,8cf2e056-4df5-4b03-bbf9-9a17246fd7f7,NV-NCD-RW-23570_2024-08-03,NV_01_CALIBRATION_2024-08-19_1,EPCI,No,,,,1,28923a3b-a8de-4b3d-8f75-a1b8efd95134,8/19/2024 10:08:53 PM,mhamptonpdx,8/19/2024 10:08:53 PM,mhamptonpdx
16128,a9bb9237-56f5-4ec4-bd91-bf121eda2bcb,NV-NCD-RW-23570_2024-08-03,NV_01_CALIBRATION_2024-08-19_1,JUARL,No,,,,1,28923a3b-a8de-4b3d-8f75-a1b8efd95134,8/19/2024 10:08:53 PM,mhamptonpdx,8/19/2024 10:08:53 PM,mhamptonpdx
16129,ae95190f-96d5-47ba-a40c-660592fb2eb9,NV-NCD-RW-23570_2024-08-03,NV_01_CALIBRATION_2024-08-19_1,ECCR,No,,,,1,28923a3b-a8de-4b3d-8f75-a1b8efd95134,8/19/2024 10:08:53 PM,mhamptonpdx,8/19/2024 10:08:53 PM,mhamptonpdx
16130,69ad044a-cfd8-4237-8bf7-f685797cbeaf,NV-NCD-RW-23570_2024-08-03,NV_01_CALIBRATION_2024-08-19_1,MEOF,No,,,,1,28923a3b-a8de-4b3d-8f75-a1b8efd95134,8/19/2024 10:08:53 PM,mhamptonpdx,8/19/2024 10:08:53 PM,mhamptonpdx
16131,af0411cb-2144-4911-9459-05752f3c960d,NV-NCD-RW-23570_2024-08-03,NV_01_CALIBRATION_2024-08-19_1,PSST7,No,,,,1,28923a3b-a8de-4b3d-8f75-a1b8efd95134,8/19/2024 10:08:53 PM,mhamptonpdx,8/19/2024 10:08:53 PM,mhamptonpdx
16132,7eee6627-6bf4-4cbd-aaeb-526b971a8aea,NV-NCD-RW-23570_2024-08-03,NV_01_CALIBRATION_2024-08-19_1,VEAN2,No,,,,1,28923a3b-a8de-4b3d-8f75-a1b8efd95134,8/19/2024 10:08:53 PM,mhamptonpdx,8/19/2024 10:08:53 PM,mhamptonpdx
16133,3afa4f87-6781-46b2-862b-8fe5aa6a3f8e,NV-NCD-RW-23570_2024-08-03,NV_01_CALIBRATION_2024-08-19_1,ELAN,No,,,,1,28923a3b-a8de-4b3d-8f75-a1b8efd95134,8/19/2024 10:08:53 PM,mhamptonpdx,8/19/2024 10:08:53 PM,mhamptonpdx
16134,370276e8-343b-4b59-b0ca-1205a3e8c0d9,NV-NCD-RW-23570_2024-08-03,NV_01_CALIBRATION_2024-08-19_1,TYLA,No,,,,1,28923a3b-a8de-4b3d-8f75-a1b8efd95134,8/19/2024 10:08:53 PM,mhamptonpdx,8/19/2024 10:08:53 PM,mhamptonpdx
16135,7702a407-af58-45bb-860b-bf1a52f67ce1,NV-NCD-RW-23570_2024-08-03,NV_01_CALIBRATION_2024-08-19_1,SCAC3,No,,,,1,28923a3b-a8de-4b3d-8f75-a1b8efd95134,8/19/2024 10:08:53 PM,mhamptonpdx,8/19/2024 10:08:53 PM,mhamptonpdx
16136,57b7c177-6352-4310-a1f2-3bb21b1e94c9,NV-NCD-RW-23570_2024-08-03,NV_01_CALIBRATION_2024-08-19_1,SCPU10,No,,,,1,28923a3b-a8de-4b3d-8f75-a1b8efd95134,8/19/2024 10:08:53 PM,mhamptonpdx,8/19/2024 10:08:53 PM,mhamptonpdx
16137,bf2bbb09-570d-4dde-8122-8711f535c90b,NV-NCD-RW-23570_2024-08-03,NV_01_CALIBRATION_2024-08-19_1,EQAR,No,,,,1,28923a3b-a8de-4b3d-8f75-a1b8efd95134,8/19/2024 10:08:53 PM,mhamptonpdx,8/19/2024 10:08:53 PM,mhamptonpdx
16138,1691a48c-c3bc-4a6e-9436-6f53384afa3c,NV-NCD-RW-23570_2024-08-03,NV_01_CALIBRATION_2024-08-19_1,LETR5,No,,,,1,28923a3b-a8de-4b3d-8f75-a1b8efd95134,8/19/2024 10:08:53 PM,mhamptonpdx,8/19/2024 10:08:53 PM,mhamptonpdx
16139,09f5a635-9fa0-4d50-8d34-57b67c50d3b8,NV-NCD-RW-23570_2024-08-03,NV_01_CALIBRATION_2024-08-19_1,SOAS,No,,,,1,28923a3b-a8de-4b3d-8f75-a1b8efd95134,8/19/2024 10:08:53 PM,mhamptonpdx,8/19/2024 10:08:53 PM,mhamptonpdx
16140,7b773d4b-2978-4194-ad13-ee269cc5b296,NV-NCD-RW-23570_2024-08-03,NV_01_CALIBRATION_2024-08-19_1,MEAR4,No,,,,1,28923a3b-a8de-4b3d-8f75-a1b8efd95134,8/19/2024 10:08:53 PM,mhamptonpdx,8/19/2024 10:08:53 PM,mhamptonpdx
16141,fe67f5f8-0943-41e4-9765-783f15605cf6,NV-NCD-RW-23570_2024-08-03,NV_01_CALIBRATION_2024-08-19_1,RAOC,No,,,,1,28923a3b-a8de-4b3d-8f75-a1b8efd95134,8/19/2024 10:08:53 PM,mhamptonpdx,8/19/2024 10:08:53 PM,mhamptonpdx
16142,4ade4a6e-fbb8-4c51-a31a-ecff81a551dd,NV-NCD-RW-23570_2024-08-03,NV_01_CALIBRATION_2024-08-19_1,XAST,No,,,,1,28923a3b-a8de-4b3d-8f75-a1b8efd95134,8/19/2024 10:08:53 PM,mhamptonpdx,8/19/2024 10:08:53 PM,mhamptonpdx
16143,79f41017-07e7-4c85-bb61-1e4134c9d776,NV-NCD-RW-23570_2024-08-03,NV_01_CALIBRATION_2024-08-19_1,LASE,No,,,,1,28923a3b-a8de-4b3d-8f75-a1b8efd95134,8/19/2024 10:08:53 PM,mhamptonpdx,8/19/2024 10:08:53 PM,mhamptonpdx
16144,808c82c5-afee-4cd8-8689-921a8aaca9b9,NV-NCD-RW-23570_2024-08-03,NV_01_CALIBRATION_2024-08-19_1,PLMA2,No,,,,1,28923a3b-a8de-4b3d-8f75-a1b8efd95134,8/19/2024 10:08:53 PM,mhamptonpdx,8/19/2024 10:08:53 PM,mhamptonpdx
16145,2ecb5ba1-3c99-4973-8223-44403f8810de,NV-NCD-RW-23570_2024-08-03,NV_01_CALIBRATION_2024-08-19_1,VETH,No,,,,1,28923a3b-a8de-4b3d-8f75-a1b8efd95134,8/19/2024 10:08:53 PM,mhamptonpdx,8/19/2024 10:08:53 PM,mhamptonpdx
16146,025ffcbe-670d-484e-8004-eaa943aaa774,NV-NCD-RW-23570_2024-08-03,NV_01_CALIBRATION_2024-08-19_1,CIVU,No,,,,1,28923a3b-a8de-4b3d-8f75-a1b8efd95134,8/19/2024 10:08:53 PM,mhamptonpdx,8/19/2024 10:08:53 PM,mhamptonpdx
16147,399bb296-dc3e-4db5-9140-9822ba158d27,NV-NCD-RW-23570_2024-08-03,NV_01_CALIBRATION_2024-08-19_1,MIGU,No,,,,1,28923a3b-a8de-4b3d-8f75-a1b8efd95134,8/19/2024 10:08:53 PM,mhamptonpdx,8/19/2024 10:08:53 PM,mhamptonpdx
16148,6cf7707f-fd91-4cea-89d9-49ad50ebb734,NV-NCD-RW-23570_2024-08-03,NV_01_CALIBRATION_2024-08-19_1,SAEX,No,,,,1,28923a3b-a8de-4b3d-8f75-a1b8efd95134,8/19/2024 10:08:53 PM,mhamptonpdx,8/19/2024 10:08:53 PM,mhamptonpdx
16149,a3e1caed-84bc-4fbd-9a6f-9edce22caf68,NV-NCD-RW-23570_2024-08-03,NV_01_CALIBRATION_2024-08-19_1,URDI,No,,,,1,28923a3b-a8de-4b3d-8f75-a1b8efd95134,8/19/2024 10:08:53 PM,mhamptonpdx,8/19/2024 10:08:53 PM,mhamptonpdx
16150,b9ebda92-0772-4b9b-b2f6-64071a78374b,NV-NCD-RW-23570_2024-08-03,NV_01_CALIBRATION_2024-08-19_1,JUNCUXXXX,No,01,JUNCU_01,NV-NCD-RW-23570_2024-08-03_JUNCU_01,1,28923a3b-a8de-4b3d-8f75-a1b8efd95134,8/19/2024 10:08:53 PM,mhamptonpdx,8/19/2024 10:08:53 PM,mhamptonpdx
16151,dd5be632-161d-4410-b708-1871e8d9eac8,NV-NCD-RW-23570_2024-08-03,NV_01_CALIBRATION_2024-08-19_1,AFXXXX,No,07,AF_07,NV-NCD-RW-23570_2024-08-03_AF_07,1,28923a3b-a8de-4b3d-8f75-a1b8efd95134,8/19/2024 10:08:53 PM,mhamptonpdx,8/19/2024 10:08:53 PM,mhamptonpdx
16152,f7b647d4-740e-4f98-a934-9c1fd86cde71,NV-NCD-RW-23570_2024-08-03,NV_01_CALIBRATION_2024-08-19_1,JUNCUXXXX,No,02,JUNCU_02,NV-NCD-RW-23570_2024-08-03_JUNCU_02,1,28923a3b-a8de-4b3d-8f75-a1b8efd95134,8/19/2024 10:08:53 PM,mhamptonpdx,8/19/2024 10:08:53 PM,mhamptonpdx
16153,b1ebe9c0-b85c-430b-a4fa-3c87cb44598a,NV-NCD-RW-23570_2024-08-03,NV_01_CALIBRATION_2024-08-19_1,CUPEP2,No,,,,1,28923a3b-a8de-4b3d-8f75-a1b8efd95134,8/19/2024 10:08:53 PM,mhamptonpdx,8/19/2024 10:08:53 PM,mhamptonpdx
16154,2a4321b6-a7c9-4eb5-b21b-a2bc2be6d153,NV-NCD-RW-23570_2024-08-03,NV_01_CALIBRATION_2024-08-19_1,AFXXXX,No,03,AF_03,NV-NCD-RW-23570_2024-08-03_AF_03,1,28923a3b-a8de-4b3d-8f75-a1b8efd95134,8/19/2024 10:08:53 PM,mhamptonpdx,8/19/2024 10:08:53 PM,mhamptonpdx
16155,db515f31-0ff0-4777-b8e7-454e6743803d,NV-NCD-RW-23570_2024-08-03,NV_01_CALIBRATION_2024-08-19_1,POACEAXXXX,No,06,POACEA_06,NV-NCD-RW-23570_2024-08-03_POACEA_06,1,28923a3b-a8de-4b3d-8f75-a1b8efd95134,8/19/2024 10:08:53 PM,mhamptonpdx,8/19/2024 10:08:53 PM,mhamptonpdx
16156,ef720f83-4d78-410c-a906-ca8025f4072d,NV-NCD-RW-23570_2024-08-03,NV_01_CALIBRATION_2024-08-19_1,AFXXXX,No,05,AF_05,NV-NCD-RW-23570_2024-08-03_AF_05,1,28923a3b-a8de-4b3d-8f75-a1b8efd95134,8/19/2024 10:08:53 PM,mhamptonpdx,8/19/2024 10:08:53 PM,mhamptonpdx
16157,743d818a-5a1e-4ad0-bb70-648bae54bff4,NV-NCD-RW-23570_2024-08-03,NV_01_CALIBRATION_2024-08-19_1,POMO5,No,,,,1,e356780e-9b95-4f24-b014-bf0bd281dca3,8/19/2024 10:08:55 PM,mhamptonpdx,8/19/2024 10:08:55 PM,mhamptonpdx
16158,e46f4495-311f-4c61-bee5-f736b4c2d4c5,NV-NCD-RW-23570_2024-08-03,NV_01_CALIBRATION_2024-08-19_1,POFR2,No,,,,1,e356780e-9b95-4f24-b014-bf0bd281dca3,8/19/2024 10:08:55 PM,mhamptonpdx,8/19/2024 10:08:55 PM,mhamptonpdx
16159,287f0d14-8454-4de7-90d8-2d1fd788347d,NV-NCD-RW-23570_2024-08-03,NV_01_CALIBRATION_2024-08-19_1,EPCI,No,,,,1,e356780e-9b95-4f24-b014-bf0bd281dca3,8/19/2024 10:08:55 PM,mhamptonpdx,8/19/2024 10:08:55 PM,mhamptonpdx
16160,6e96c645-9d55-4e79-a1bd-46d359c98a7f,NV-NCD-RW-23570_2024-08-03,NV_01_CALIBRATION_2024-08-19_1,JUARL,No,,,,1,e356780e-9b95-4f24-b014-bf0bd281dca3,8/19/2024 10:08:55 PM,mhamptonpdx,8/19/2024 10:08:55 PM,mhamptonpdx
16161,a48bda7a-cc5e-4566-b30a-288203b7b394,NV-NCD-RW-23570_2024-08-03,NV_01_CALIBRATION_2024-08-19_1,ECCR,No,,,,1,e356780e-9b95-4f24-b014-bf0bd281dca3,8/19/2024 10:08:55 PM,mhamptonpdx,8/19/2024 10:08:55 PM,mhamptonpdx
16162,d8efa996-674f-4f9d-b239-7b8384e50b85,NV-NCD-RW-23570_2024-08-03,NV_01_CALIBRATION_2024-08-19_1,MEOF,No,,,,1,e356780e-9b95-4f24-b014-bf0bd281dca3,8/19/2024 10:08:55 PM,mhamptonpdx,8/19/2024 10:08:55 PM,mhamptonpdx
16163,56e94b3b-9b7a-411c-89cf-fd4e069b2d32,NV-NCD-RW-23570_2024-08-03,NV_01_CALIBRATION_2024-08-19_1,PSST7,No,,,,1,e356780e-9b95-4f24-b014-bf0bd281dca3,8/19/2024 10:08:55 PM,mhamptonpdx,8/19/2024 10:08:55 PM,mhamptonpdx
16164,7a585a70-26cc-409d-9f8c-085cf5b7c5cf,NV-NCD-RW-23570_2024-08-03,NV_01_CALIBRATION_2024-08-19_1,VEAN2,No,,,,1,e356780e-9b95-4f24-b014-bf0bd281dca3,8/19/2024 10:08:55 PM,mhamptonpdx,8/19/2024 10:08:55 PM,mhamptonpdx
16165,09e6c148-8cba-4d93-b41a-1b7d04ae930f,NV-NCD-RW-23570_2024-08-03,NV_01_CALIBRATION_2024-08-19_1,ELAN,No,,,,1,e356780e-9b95-4f24-b014-bf0bd281dca3,8/19/2024 10:08:55 PM,mhamptonpdx,8/19/2024 10:08:55 PM,mhamptonpdx
16166,34574eb1-8dee-4db4-b7c1-3807d843c2be,NV-NCD-RW-23570_2024-08-03,NV_01_CALIBRATION_2024-08-19_1,TYLA,No,,,,1,e356780e-9b95-4f24-b014-bf0bd281dca3,8/19/2024 10:08:55 PM,mhamptonpdx,8/19/2024 10:08:55 PM,mhamptonpdx
16167,cfbd3412-a70b-42ab-80bf-ada2d53c2fa0,NV-NCD-RW-23570_2024-08-03,NV_01_CALIBRATION_2024-08-19_1,SCAC3,No,,,,1,e356780e-9b95-4f24-b014-bf0bd281dca3,8/19/2024 10:08:55 PM,mhamptonpdx,8/19/2024 10:08:55 PM,mhamptonpdx
16168,dc296f9f-d045-4177-b4c6-9e0c609a1e17,NV-NCD-RW-23570_2024-08-03,NV_01_CALIBRATION_2024-08-19_1,SCPU10,No,,,,1,e356780e-9b95-4f24-b014-bf0bd281dca3,8/19/2024 10:08:55 PM,mhamptonpdx,8/19/2024 10:08:55 PM,mhamptonpdx
16169,eb1ad4a5-f190-4f69-9317-26b1278bca06,NV-NCD-RW-23570_2024-08-03,NV_01_CALIBRATION_2024-08-19_1,EQAR,No,,,,1,e356780e-9b95-4f24-b014-bf0bd281dca3,8/19/2024 10:08:55 PM,mhamptonpdx,8/19/2024 10:08:55 PM,mhamptonpdx
16170,9ec2f1f1-7d4e-4dab-97ac-96b871f5fd2e,NV-NCD-RW-23570_2024-08-03,NV_01_CALIBRATION_2024-08-19_1,LETR5,No,,,,1,e356780e-9b95-4f24-b014-bf0bd281dca3,8/19/2024 10:08:55 PM,mhamptonpdx,8/19/2024 10:08:55 PM,mhamptonpdx
16171,5d1d0388-9808-4729-b681-4d86a0c8af0f,NV-NCD-RW-23570_2024-08-03,NV_01_CALIBRATION_2024-08-19_1,SOAS,No,,,,1,e356780e-9b95-4f24-b014-bf0bd281dca3,8/19/2024 10:08:55 PM,mhamptonpdx,8/19/2024 10:08:55 PM,mhamptonpdx
16172,55749f39-90d6-44a1-b88d-28f22286facf,NV-NCD-RW-23570_2024-08-03,NV_01_CALIBRATION_2024-08-19_1,MEAR4,No,,,,1,e356780e-9b95-4f24-b014-bf0bd281dca3,8/19/2024 10:08:55 PM,mhamptonpdx,8/19/2024 10:08:55 PM,mhamptonpdx
16173,8b74b397-1189-4d16-8a13-f538f804baff,NV-NCD-RW-23570_2024-08-03,NV_01_CALIBRATION_2024-08-19_1,RAOC,No,,,,1,e356780e-9b95-4f24-b014-bf0bd281dca3,8/19/2024 10:08:55 PM,mhamptonpdx,8/19/2024 10:08:55 PM,mhamptonpdx
16174,9e46dc3f-ecba-4c7e-9b69-9f5a96e9bc27,NV-NCD-RW-23570_2024-08-03,NV_01_CALIBRATION_2024-08-19_1,XAST,No,,,,1,e356780e-9b95-4f24-b014-bf0bd281dca3,8/19/2024 10:08:55 PM,mhamptonpdx,8/19/2024 10:08:55 PM,mhamptonpdx
16175,aa1d9469-d6ba-44d9-8358-41cf3a88e4d3,NV-NCD-RW-23570_2024-08-03,NV_01_CALIBRATION_2024-08-19_1,LASE,No,,,,1,e356780e-9b95-4f24-b014-bf0bd281dca3,8/19/2024 10:08:55 PM,mhamptonpdx,8/19/2024 10:08:55 PM,mhamptonpdx
16176,3fce14f7-34cb-4b65-961f-6c6147e2347f,NV-NCD-RW-23570_2024-08-03,NV_01_CALIBRATION_2024-08-19_1,PLMA2,No,,,,1,e356780e-9b95-4f24-b014-bf0bd281dca3,8/19/2024 10:08:55 PM,mhamptonpdx,8/19/2024 10:08:55 PM,mhamptonpdx
16177,8e3591c1-2ae9-4b63-8728-5baf50b66b6b,NV-NCD-RW-23570_2024-08-03,NV_01_CALIBRATION_2024-08-19_1,VETH,No,,,,1,e356780e-9b95-4f24-b014-bf0bd281dca3,8/19/2024 10:08:55 PM,mhamptonpdx,8/19/2024 10:08:55 PM,mhamptonpdx
16178,862c0562-adca-4073-a845-7303d22512e1,NV-NCD-RW-23570_2024-08-03,NV_01_CALIBRATION_2024-08-19_1,CIVU,No,,,,1,e356780e-9b95-4f24-b014-bf0bd281dca3,8/19/2024 10:08:55 PM,mhamptonpdx,8/19/2024 10:08:55 PM,mhamptonpdx
16179,731e12cd-5727-4ad8-8fb5-5c88386908f7,NV-NCD-RW-23570_2024-08-03,NV_01_CALIBRATION_2024-08-19_1,MIGU,No,,,,1,e356780e-9b95-4f24-b014-bf0bd281dca3,8/19/2024 10:08:55 PM,mhamptonpdx,8/19/2024 10:08:55 PM,mhamptonpdx
16180,5a61812f-f6de-46d5-8602-01f92e853ebb,NV-NCD-RW-23570_2024-08-03,NV_01_CALIBRATION_2024-08-19_1,SAEX,No,,,,1,e356780e-9b95-4f24-b014-bf0bd281dca3,8/19/2024 10:08:55 PM,mhamptonpdx,8/19/2024 10:08:55 PM,mhamptonpdx
16181,6a058d1c-c44b-4520-8f18-1cadb0b555f6,NV-NCD-RW-23570_2024-08-03,NV_01_CALIBRATION_2024-08-19_1,URDI,No,,,,1,e356780e-9b95-4f24-b014-bf0bd281dca3,8/19/2024 10:08:55 PM,mhamptonpdx,8/19/2024 10:08:55 PM,mhamptonpdx
16182,34ca27fb-2706-4f1d-b9dc-a60ae46031bc,NV-NCD-RW-23570_2024-08-03,NV_01_CALIBRATION_2024-08-19_1,JUNCUXXXX,No,01,JUNCU_01,NV-NCD-RW-23570_2024-08-03_JUNCU_01,1,e356780e-9b95-4f24-b014-bf0bd281dca3,8/19/2024 10:08:55 PM,mhamptonpdx,8/19/2024 10:08:55 PM,mhamptonpdx
16183,de3b01f8-39a7-4751-bef2-6a007ca021e5,NV-NCD-RW-23570_2024-08-03,NV_01_CALIBRATION_2024-08-19_1,JUNCUXXXX,No,02,JUNCU_02,NV-NCD-RW-23570_2024-08-03_JUNCU_02,1,e356780e-9b95-4f24-b014-bf0bd281dca3,8/19/2024 10:08:55 PM,mhamptonpdx,8/19/2024 10:08:55 PM,mhamptonpdx
16184,b51dfa45-d86f-4034-b908-d1746cb304f5,NV-NCD-RW-23570_2024-08-03,NV_01_CALIBRATION_2024-08-19_1,POACEAXXXX,No,06,POACEA_06,NV-NCD-RW-23570_2024-08-03_POACEA_06,1,e356780e-9b95-4f24-b014-bf0bd281dca3,8/19/2024 10:08:55 PM,mhamptonpdx,8/19/2024 10:08:55 PM,mhamptonpdx
16185,bc949c9d-6142-41a8-b7c0-5808aa2225bf,NV-NOD-TW-24036_2024-07-03,NV_01_CALIBRATION_2024-07-03_1,SAGE2,No,,,,1,93cdbdf0-8fcc-4fab-ad52-e4f9baae8cfa,8/19/2024 10:08:57 PM,mhamptonpdx,10/18/2024 3:43:49 PM,kmartin@blm.gov_BLM_EGIS
16186,eeaec893-b54b-40df-94ea-603b0f0cec81,NV-NOD-TW-24036_2024-07-03,NV_01_CALIBRATION_2024-07-03_1,CAVA3,No,,,,1,93cdbdf0-8fcc-4fab-ad52-e4f9baae8cfa,8/19/2024 10:08:57 PM,mhamptonpdx,10/18/2024 3:43:51 PM,kmartin@blm.gov_BLM_EGIS
16187,722fec8e-e8cd-4df6-87b4-2fbe0b08f77f,NV-NOD-TW-24036_2024-07-03,NV_01_CALIBRATION_2024-07-03_1,SALUL,No,,,,1,93cdbdf0-8fcc-4fab-ad52-e4f9baae8cfa,8/19/2024 10:08:57 PM,mhamptonpdx,10/18/2024 3:43:52 PM,kmartin@blm.gov_BLM_EGIS
16188,9340eea5-ab31-4f90-b7b1-3d032e070caf,NV-NOD-TW-24036_2024-07-03,NV_01_CALIBRATION_2024-07-03_1,ROWO,No,,,,1,93cdbdf0-8fcc-4fab-ad52-e4f9baae8cfa,8/19/2024 10:08:57 PM,mhamptonpdx,10/18/2024 3:43:54 PM,kmartin@blm.gov_BLM_EGIS
16189,2bacea22-31bd-4fad-b412-e65edcdd1029,NV-NOD-TW-24036_2024-07-03,NV_01_CALIBRATION_2024-07-03_1,SAEX,No,,,,1,93cdbdf0-8fcc-4fab-ad52-e4f9baae8cfa,8/19/2024 10:08:57 PM,mhamptonpdx,10/18/2024 3:43:56 PM,kmartin@blm.gov_BLM_EGIS
16190,9ea4b731-c392-4b6b-83b0-e58a476809eb,NV-NOD-TW-24036_2024-07-03,NV_01_CALIBRATION_2024-07-03_1,POACEAXXXX,No,07,POACEA_07,NV-NOD-TW-24036_2024-07-03_POACEA_07,1,93cdbdf0-8fcc-4fab-ad52-e4f9baae8cfa,8/19/2024 10:08:57 PM,mhamptonpdx,10/18/2024 3:43:57 PM,kmartin@blm.gov_BLM_EGIS
16191,d964bb75-dce6-4159-a2e5-04dce8f05a8d,NV-NOD-TW-24036_2024-07-03,NV_01_CALIBRATION_2024-07-03_1,ELPA3,No,,,,1,93cdbdf0-8fcc-4fab-ad52-e4f9baae8cfa,8/19/2024 10:08:57 PM,mhamptonpdx,10/18/2024 3:44:00 PM,kmartin@blm.gov_BLM_EGIS
16192,6622a863-726d-45c7-8cbb-fbdee98350de,NV-NOD-TW-24036_2024-07-03,NV_01_CALIBRATION_2024-07-03_1,AFXXXX,No,01,AF_01,NV-NOD-TW-24036_2024-07-03_AF_01,1,93cdbdf0-8fcc-4fab-ad52-e4f9baae8cfa,8/19/2024 10:08:57 PM,mhamptonpdx,10/18/2024 3:44:02 PM,kmartin@blm.gov_BLM_EGIS
16193,6ee74bf3-e6b4-49ec-a03f-479a7bcc8068,NV-NOD-TW-24036_2024-07-03,NV_01_CALIBRATION_2024-07-03_1,POACEAXXXX,No,02,POACEA_02,NV-NOD-TW-24036_2024-07-03_POACEA_02,1,93cdbdf0-8fcc-4fab-ad52-e4f9baae8cfa,8/19/2024 10:08:57 PM,mhamptonpdx,10/18/2024 3:44:04 PM,kmartin@blm.gov_BLM_EGIS
16194,cfdbc6a5-1285-48ba-9dc9-76cef7566b52,NV-NOD-TW-24036_2024-07-03,NV_01_CALIBRATION_2024-07-03_1,EPCI,No,,,,1,93cdbdf0-8fcc-4fab-ad52-e4f9baae8cfa,8/19/2024 10:08:57 PM,mhamptonpdx,10/18/2024 3:44:06 PM,kmartin@blm.gov_BLM_EGIS
16195,84201ab9-b143-49ad-a46c-0da372b2d62d,NV-NOD-TW-24036_2024-07-03,NV_01_CALIBRATION_2024-07-03_1,JUARL,No,,,,1,93cdbdf0-8fcc-4fab-ad52-e4f9baae8cfa,8/19/2024 10:08:57 PM,mhamptonpdx,10/18/2024 3:44:07 PM,kmartin@blm.gov_BLM_EGIS
16196,3e332957-5d2d-4b5a-974e-bdf7a540d431,NV-NOD-TW-24036_2024-07-03,NV_01_CALIBRATION_2024-07-03_1,POBI7,No,,,,1,93cdbdf0-8fcc-4fab-ad52-e4f9baae8cfa,8/19/2024 10:08:57 PM,mhamptonpdx,10/18/2024 3:44:09 PM,kmartin@blm.gov_BLM_EGIS
16197,a06b8dfb-3f48-481c-add7-98377c9717d7,NV-NOD-TW-24036_2024-07-03,NV_01_CALIBRATION_2024-07-03_1,EPDE4,No,,,,1,93cdbdf0-8fcc-4fab-ad52-e4f9baae8cfa,8/19/2024 10:08:57 PM,mhamptonpdx,10/18/2024 3:44:11 PM,kmartin@blm.gov_BLM_EGIS
16198,af4d6f7c-59ae-42a0-a0ba-4ef665ac30dd,NV-NOD-TW-24036_2024-07-03,NV_01_CALIBRATION_2024-07-03_1,ERNA10,No,,,,1,93cdbdf0-8fcc-4fab-ad52-e4f9baae8cfa,8/19/2024 10:08:57 PM,mhamptonpdx,10/18/2024 3:44:13 PM,kmartin@blm.gov_BLM_EGIS
16199,25ab1021-8ac2-42d0-b0e2-ca475cf5a6e4,NV-NOD-TW-24036_2024-07-03,NV_01_CALIBRATION_2024-07-03_1,AFXXXX,No,04,AF_04,NV-NOD-TW-24036_2024-07-03_AF_04,1,93cdbdf0-8fcc-4fab-ad52-e4f9baae8cfa,8/19/2024 10:08:57 PM,mhamptonpdx,10/18/2024 3:44:15 PM,kmartin@blm.gov_BLM_EGIS
16200,c7e9bce2-c07c-4d0d-9582-70ac3b1d800e,NV-NOD-TW-24036_2024-07-03,NV_01_CALIBRATION_2024-07-03_1,RIAU,No,,,,1,93cdbdf0-8fcc-4fab-ad52-e4f9baae8cfa,8/19/2024 10:08:57 PM,mhamptonpdx,10/18/2024 3:44:17 PM,kmartin@blm.gov_BLM_EGIS
16201,ab5b0434-7201-41db-a777-68ad2acc1d06,NV-NOD-TW-24036_2024-07-03,NV_01_CALIBRATION_2024-07-03_1,ARLU,No,,,,1,93cdbdf0-8fcc-4fab-ad52-e4f9baae8cfa,8/19/2024 10:08:57 PM,mhamptonpdx,10/18/2024 3:44:19 PM,kmartin@blm.gov_BLM_EGIS
16202,c3dcbbfa-ca88-439a-b8cb-385faf9c1423,NV-NOD-TW-24036_2024-07-03,NV_01_CALIBRATION_2024-07-03_1,NAOF,No,,,,1,93cdbdf0-8fcc-4fab-ad52-e4f9baae8cfa,8/19/2024 10:08:57 PM,mhamptonpdx,10/18/2024 3:44:21 PM,kmartin@blm.gov_BLM_EGIS
16203,1b36b813-5ccd-4018-8db7-e2ef09d03b7a,NV-NOD-TW-24036_2024-07-03,NV_01_CALIBRATION_2024-07-03_1,EPILOXXXX,No,03,EPILO_03,NV-NOD-TW-24036_2024-07-03_EPILO_03,1,93cdbdf0-8fcc-4fab-ad52-e4f9baae8cfa,8/19/2024 10:08:57 PM,mhamptonpdx,10/18/2024 3:44:23 PM,kmartin@blm.gov_BLM_EGIS
16204,5aac1132-327a-4b2a-92a0-d90244d2dbc5,NV-NOD-TW-24036_2024-07-03,NV_01_CALIBRATION_2024-07-03_1,SAGE2,No,,,,1,3d529421-d02c-4bdf-a965-4e9de1539006,8/19/2024 10:08:59 PM,mhamptonpdx,8/19/2024 10:08:59 PM,mhamptonpdx
16205,bb42327d-debc-4729-9120-9665d0542eb6,NV-NOD-TW-24036_2024-07-03,NV_01_CALIBRATION_2024-07-03_1,CAVA3,No,,,,1,3d529421-d02c-4bdf-a965-4e9de1539006,8/19/2024 10:08:59 PM,mhamptonpdx,8/19/2024 10:08:59 PM,mhamptonpdx
16206,1b68f6bc-af81-4219-bd9e-c319fc10f205,NV-NOD-TW-24036_2024-07-03,NV_01_CALIBRATION_2024-07-03_1,SALUL,No,,,,1,3d529421-d02c-4bdf-a965-4e9de1539006,8/19/2024 10:08:59 PM,mhamptonpdx,8/19/2024 10:08:59 PM,mhamptonpdx
16207,188ab2c5-0fc3-4d7c-9624-99af3752d6c9,NV-NOD-TW-24036_2024-07-03,NV_01_CALIBRATION_2024-07-03_1,ROWO,No,,,,1,3d529421-d02c-4bdf-a965-4e9de1539006,8/19/2024 10:08:59 PM,mhamptonpdx,8/19/2024 10:08:59 PM,mhamptonpdx
16208,65c1b666-2277-444e-8cac-f570c93d1694,NV-NOD-TW-24036_2024-07-03,NV_01_CALIBRATION_2024-07-03_1,SAEX,No,,,,1,3d529421-d02c-4bdf-a965-4e9de1539006,8/19/2024 10:08:59 PM,mhamptonpdx,8/19/2024 10:08:59 PM,mhamptonpdx
16209,044a2e7b-c879-4c8c-a0de-4e61f0c7ca5c,NV-NOD-TW-24036_2024-07-03,NV_01_CALIBRATION_2024-07-03_1,POACEAXXXX,No,07,POACEA_07,NV-NOD-TW-24036_2024-07-03_POACEA_07,1,3d529421-d02c-4bdf-a965-4e9de1539006,8/19/2024 10:08:59 PM,mhamptonpdx,8/19/2024 10:08:59 PM,mhamptonpdx
16210,384338b1-f00f-4488-b5ce-2871e468820c,NV-NOD-TW-24036_2024-07-03,NV_01_CALIBRATION_2024-07-03_1,ELPA3,No,,,,1,3d529421-d02c-4bdf-a965-4e9de1539006,8/19/2024 10:08:59 PM,mhamptonpdx,8/19/2024 10:08:59 PM,mhamptonpdx
16211,f9fc6b41-8fef-4e41-8381-08c68f004ae4,NV-NOD-TW-24036_2024-07-03,NV_01_CALIBRATION_2024-07-03_1,AFXXXX,No,01,AF_01,NV-NOD-TW-24036_2024-07-03_AF_01,1,3d529421-d02c-4bdf-a965-4e9de1539006,8/19/2024 10:08:59 PM,mhamptonpdx,8/19/2024 10:08:59 PM,mhamptonpdx
16212,9da3ab16-239c-471c-9c0e-28af39153874,NV-NOD-TW-24036_2024-07-03,NV_01_CALIBRATION_2024-07-03_1,POACEAXXXX,No,02,POACEA_02,NV-NOD-TW-24036_2024-07-03_POACEA_02,1,3d529421-d02c-4bdf-a965-4e9de1539006,8/19/2024 10:08:59 PM,mhamptonpdx,8/19/2024 10:08:59 PM,mhamptonpdx
16213,2af5ba23-6e3c-4a21-811a-ae443bcee228,NV-NOD-TW-24036_2024-07-03,NV_01_CALIBRATION_2024-07-03_1,EPCI,No,,,,1,3d529421-d02c-4bdf-a965-4e9de1539006,8/19/2024 10:08:59 PM,mhamptonpdx,8/19/2024 10:08:59 PM,mhamptonpdx
16214,289bfc16-1276-4835-b2b5-6b307b9d44f9,NV-NOD-TW-24036_2024-07-03,NV_01_CALIBRATION_2024-07-03_1,JUARL,,,,,1,3d529421-d02c-4bdf-a965-4e9de1539006,8/19/2024 10:08:59 PM,mhamptonpdx,8/19/2024 10:08:59 PM,mhamptonpdx
16215,c641f415-27c9-4cc4-a9f2-f5631aa7ab4b,NV-NOD-TW-24036_2024-07-03,NV_01_CALIBRATION_2024-07-03_1,POBI7,No,,,,1,3d529421-d02c-4bdf-a965-4e9de1539006,8/19/2024 10:08:59 PM,mhamptonpdx,8/19/2024 10:08:59 PM,mhamptonpdx
16216,2938f651-ab07-4cf7-aa43-3d3feb580223,NV-NOD-TW-24036_2024-07-03,NV_01_CALIBRATION_2024-07-03_1,EPDE4,No,,,,1,3d529421-d02c-4bdf-a965-4e9de1539006,8/19/2024 10:08:59 PM,mhamptonpdx,8/19/2024 10:08:59 PM,mhamptonpdx
16217,dad5ed4e-d003-4309-b455-c9904d120085,NV-NOD-TW-24036_2024-07-03,NV_01_CALIBRATION_2024-07-03_1,ERNA10,No,,,,1,3d529421-d02c-4bdf-a965-4e9de1539006,8/19/2024 10:08:59 PM,mhamptonpdx,8/19/2024 10:08:59 PM,mhamptonpdx
16218,53c604b7-35c0-4ed0-854a-0a85806c2d2d,NV-NOD-TW-24036_2024-07-03,NV_01_CALIBRATION_2024-07-03_1,AFXXXX,No,04,AF_04,NV-NOD-TW-24036_2024-07-03_AF_04,1,3d529421-d02c-4bdf-a965-4e9de1539006,8/19/2024 10:08:59 PM,mhamptonpdx,8/19/2024 10:08:59 PM,mhamptonpdx
16219,5f1870e8-7e1e-4c5a-b41c-3f82967debfe,NV-NOD-TW-24036_2024-07-03,NV_01_CALIBRATION_2024-07-03_1,RIAU,No,,,,1,3d529421-d02c-4bdf-a965-4e9de1539006,8/19/2024 10:08:59 PM,mhamptonpdx,8/19/2024 10:08:59 PM,mhamptonpdx
16220,f7402f3e-5c91-40c7-8553-137435f130da,NV-NOD-TW-24036_2024-07-03,NV_01_CALIBRATION_2024-07-03_1,SAGE2,No,,,,1,460eb0a6-1c05-4dcc-9d71-9ede2bc62f2b,8/19/2024 10:09:02 PM,mhamptonpdx,8/19/2024 10:09:02 PM,mhamptonpdx
16221,b09ba938-98d5-4845-a942-f6d653d8bc61,NV-NOD-TW-24036_2024-07-03,NV_01_CALIBRATION_2024-07-03_1,CAVA3,No,,,,1,460eb0a6-1c05-4dcc-9d71-9ede2bc62f2b,8/19/2024 10:09:02 PM,mhamptonpdx,8/19/2024 10:09:02 PM,mhamptonpdx
16222,0e0105f7-a165-4144-8b07-5847e1128903,NV-NOD-TW-24036_2024-07-03,NV_01_CALIBRATION_2024-07-03_1,SALUL,No,,,,1,460eb0a6-1c05-4dcc-9d71-9ede2bc62f2b,8/19/2024 10:09:02 PM,mhamptonpdx,8/19/2024 10:09:02 PM,mhamptonpdx
16223,59ca5c0e-b64c-4cfc-a3aa-d4b9737c604d,NV-NOD-TW-24036_2024-07-03,NV_01_CALIBRATION_2024-07-03_1,ROWO,No,,,,1,460eb0a6-1c05-4dcc-9d71-9ede2bc62f2b,8/19/2024 10:09:02 PM,mhamptonpdx,8/19/2024 10:09:02 PM,mhamptonpdx
16224,6ec2fdd1-10c9-4b27-8b41-2d5c373a0da9,NV-NOD-TW-24036_2024-07-03,NV_01_CALIBRATION_2024-07-03_1,SAEX,No,,,,1,460eb0a6-1c05-4dcc-9d71-9ede2bc62f2b,8/19/2024 10:09:02 PM,mhamptonpdx,8/19/2024 10:09:02 PM,mhamptonpdx
16225,6bf181b1-0c35-4f2d-b807-fe8e440cf131,NV-NOD-TW-24036_2024-07-03,NV_01_CALIBRATION_2024-07-03_1,POACEAXXXX,No,07,POACEA_07,NV-NOD-TW-24036_2024-07-03_POACEA_07,1,460eb0a6-1c05-4dcc-9d71-9ede2bc62f2b,8/19/2024 10:09:02 PM,mhamptonpdx,8/19/2024 10:09:02 PM,mhamptonpdx
16226,aed802ce-b9a2-42be-a69a-42a85758ed03,NV-NOD-TW-24036_2024-07-03,NV_01_CALIBRATION_2024-07-03_1,ELPA3,No,,,,1,460eb0a6-1c05-4dcc-9d71-9ede2bc62f2b,8/19/2024 10:09:02 PM,mhamptonpdx,8/19/2024 10:09:02 PM,mhamptonpdx
16227,d70c211b-b0f1-4efa-b477-c19b67ae8fae,NV-NOD-TW-24036_2024-07-03,NV_01_CALIBRATION_2024-07-03_1,AFXXXX,No,01,AF_01,NV-NOD-TW-24036_2024-07-03_AF_01,1,460eb0a6-1c05-4dcc-9d71-9ede2bc62f2b,8/19/2024 10:09:02 PM,mhamptonpdx,8/19/2024 10:09:02 PM,mhamptonpdx
16228,1aa6898f-e3fc-42ba-aca1-a3abcb712b89,NV-NOD-TW-24036_2024-07-03,NV_01_CALIBRATION_2024-07-03_1,POACEAXXXX,No,02,POACEA_02,NV-NOD-TW-24036_2024-07-03_POACEA_02,1,460eb0a6-1c05-4dcc-9d71-9ede2bc62f2b,8/19/2024 10:09:02 PM,mhamptonpdx,8/19/2024 10:09:02 PM,mhamptonpdx
16229,905c7754-48a6-49c0-9168-8daf92e1e5fc,NV-NOD-TW-24036_2024-07-03,NV_01_CALIBRATION_2024-07-03_1,EPCI,No,,,,1,460eb0a6-1c05-4dcc-9d71-9ede2bc62f2b,8/19/2024 10:09:02 PM,mhamptonpdx,8/19/2024 10:09:02 PM,mhamptonpdx
16230,97a62c16-caa1-493e-82ce-2b4b830e1fad,NV-NOD-TW-24036_2024-07-03,NV_01_CALIBRATION_2024-07-03_1,JUARL,No,,,,1,460eb0a6-1c05-4dcc-9d71-9ede2bc62f2b,8/19/2024 10:09:02 PM,mhamptonpdx,8/19/2024 10:09:02 PM,mhamptonpdx
16231,c4e121ad-bd33-440d-9b98-c72f9288a7e7,NV-NOD-TW-24036_2024-07-03,NV_01_CALIBRATION_2024-07-03_1,POBI7,No,,,,1,460eb0a6-1c05-4dcc-9d71-9ede2bc62f2b,8/19/2024 10:09:02 PM,mhamptonpdx,8/19/2024 10:09:02 PM,mhamptonpdx
16232,dd8e520c-ea3e-4a28-9c1c-5af47854eb6f,NV-NOD-TW-24036_2024-07-03,NV_01_CALIBRATION_2024-07-03_1,EPDE4,No,,,,1,460eb0a6-1c05-4dcc-9d71-9ede2bc62f2b,8/19/2024 10:09:02 PM,mhamptonpdx,8/19/2024 10:09:02 PM,mhamptonpdx
16233,0003e649-6acf-4550-af31-f69707712a54,NV-NOD-TW-24036_2024-07-03,NV_01_CALIBRATION_2024-07-03_1,ERNA10,No,,,,1,460eb0a6-1c05-4dcc-9d71-9ede2bc62f2b,8/19/2024 10:09:02 PM,mhamptonpdx,8/19/2024 10:09:02 PM,mhamptonpdx
16234,e1c6734e-f97b-40ed-b063-38dcf8b5ff49,NV-NOD-TW-24036_2024-07-03,NV_01_CALIBRATION_2024-07-03_1,AFXXXX,No,04,AF_04,NV-NOD-TW-24036_2024-07-03_AF_04,1,460eb0a6-1c05-4dcc-9d71-9ede2bc62f2b,8/19/2024 10:09:02 PM,mhamptonpdx,8/19/2024 10:09:02 PM,mhamptonpdx
16235,ebd10f08-f6a6-4968-80da-e72e82dd02c3,NV-NOD-TW-24036_2024-07-03,NV_01_CALIBRATION_2024-07-03_1,RIAU,No,,,,1,460eb0a6-1c05-4dcc-9d71-9ede2bc62f2b,8/19/2024 10:09:02 PM,mhamptonpdx,8/19/2024 10:09:02 PM,mhamptonpdx
